post_title;post_name;post_parent;ID;post_content;post_excerpt;post_status;post_password;menu_order;post_date;post_author;comment_status;sku;parent_sku;children;downloadable;virtual;stock;regular_price;sale_price;weight;length;width;height;tax_class;visibility;stock_status;backorders;sold_individually;low_stock_amount;manage_stock;tax_status;upsell_ids;crosssell_ids;purchase_note;sale_price_dates_from;sale_price_dates_to;download_limit;download_expiry;product_url;button_text;images;downloadable_files;product_page_url;meta:total_sales;tax:product_type;tax:product_visibility;tax:product_cat;tax:product_tag;tax:product_shipping_class;attribute:pa_color;attribute_data:pa_color;attribute:pa_size;attribute_data:pa_size
"Relaxed Fit Joggers";relaxed-fit-joggers;;177;"Unwind in comfort without compromising style with our Relaxed Fit Joggers. Crafted for both leisure and an active lifestyle, these joggers redefine casual chic. The soft, breathable fabric and relaxed silhouette provide an unmatched level of ease, making them perfect for lounging at home or stepping out for an on-the-go adventure. Versatile and effortlessly cool, our Relaxed Fit Joggers seamlessly combine comfort and fashion, ensuring you feel relaxed and look effortlessly stylish no matter the occasion.";"The soft, breathable fabric and relaxed silhouette provide an unmatched level of ease, making them perfect for lounging at home or stepping out for an on-the-go adventure. Versatile and effortlessly cool, our Relaxed Fit Joggers seamlessly combine comfort and fashion, ensuring you feel relaxed and look effortlessly stylish no matter the occasion.";publish;;0;"2024-10-10 09:30:00";1;open;;;;no;no;;250.00;;;;;;;;instock;no;no;;no;taxable;;;;;;'-1;'-1;;;"http://localhost/p_shop/wp-content/uploads/2024/03/img-02-c.jpg ! alt :  ! title : img-02-c ! desc :  ! caption :  | http://localhost/p_shop/wp-content/uploads/2024/03/img-03-a.jpg ! alt :  ! title : img-03-a ! desc :  ! caption :  | http://localhost/p_shop/wp-content/uploads/2024/03/img-03-b.jpg ! alt :  ! title : img-03-b ! desc :  ! caption : ";;http://localhost/p_shop/product/relaxed-fit-joggers/;0;simple;;"Quáº§n Ã¡o ná»¯";;;;;;
"Đồng hồ bấm giờ Fastrack Men Black Dial 3072SM04";fastrack-men-black-dial-chronograph-watch-3072sm04;;101470;"<strong>Kiá»u vá»:</strong> Äá»ng há» kim vá»i vá» trÃ²n vÃ  máº·t sau báº±ng thÃ©p khÃ´ng gá»
<strong>Kiá»u máº·t Äá»ng há»:</strong> Máº·t Äá»ng há» mÃ u Äen;
<strong>TÃ­nh nÄng</strong>: MÃ n hÃ¬nh báº¥m giá», vÃ­t Äá» Äáº·t láº¡i thá»i gian, nÃºt nháº¥n Äá» Äiá»u chá»nh Äá»ng há» báº¥m giá»
<strong>Kiá»u dÃ¢y Äeo:</strong> DÃ¢y Äeo kiá»u vÃ²ng Äeo tay báº±ng thÃ©p khÃ´ng gá» vá»i mÃ³c khÃ³a gáº­pnbsp;
<strong>Kháº£ nÄng chá»ng nÆ°á»c:</strong> LÃªn Äáº¿n 50m
<strong>Báº£o hÃ nh:</strong> Báº£o hÃ nh 2 nÄm chá» Äá»i vá»i cÆ¡ cháº¿ (1 nÄm Äá»i vá»i pin)

Báº£o hÃ nh do Chá»§ sá» há»¯u thÆ°Æ¡ng hiá»u/NhÃ  sáº£n xuáº¥t cung cáº¥p
TuyÃªn bá» miá»n trá»« trÃ¡ch nhiá»m - Vá» Äá»ng há» cÃ³ thá» khÃ¡c vá»i hÃ¬nh áº£nh hiá»n thá».";"<h4 class=""pdp-sizeFitDescTitle pdp-product-description-title"">KÃ­ch thÆ°á»c &amp; Vá»«a váº·n</h4>
ÄÆ°á»ng kÃ­nh vá»: 45mm
Äá» dÃ y vá»: 12mm";publish;;0;"2024-10-10 19:19:00";1;open;woo-fastrack-men-black-dial-chronograph-watch-3072sm04;;;no;no;;825000;645000;;;;;;;instock;no;no;;no;taxable;;;;;;0;0;;;"http://localhost/p_shop/wp-content/uploads/2024/10/Fastrack-Men-Black-Dial-Watch_8820de13d9d1c08a434e07dcac331931_images.jpg ! alt :  ! title : Fastrack-Men-Black-Dial-Watch_8820de13d9d1c08a434e07dcac331931_images ! desc :  ! caption :  | http://localhost/p_shop/wp-content/uploads/2024/10/3072SM01_2.webp ! alt :  ! title : 3072SM01_2 ! desc :  ! caption :  | http://localhost/p_shop/wp-content/uploads/2024/10/Fastrack-Men-Black-Dial-Watch_69fbfd6833634bf199ea37202e0dfc2f_images.jpg ! alt :  ! title : Fastrack-Men-Black-Dial-Watch_69fbfd6833634bf199ea37202e0dfc2f_images ! desc :  ! caption :  | http://localhost/p_shop/wp-content/uploads/2024/10/Fastrack-Men-Black-Dial-Watch_20ffaa2c2cf9d0bfd43947b4e3cfbbc9_images.jpg ! alt :  ! title : Fastrack-Men-Black-Dial-Watch_20ffaa2c2cf9d0bfd43947b4e3cfbbc9_images ! desc :  ! caption : ";;http://localhost/p_shop/product/fastrack-men-black-dial-chronograph-watch-3072sm04/;0;simple;;"Quáº§n Ã¡o nam > Phá»¥ kiá»n|Quáº§n Ã¡o nam";;;;;;
"Đồng hồ Fastrack Tees Quartz Analog Dây Đeo Silicon";fastrack-men-black-dial-chronograph-watch-3072sm01;;101473;"<div id=""specs-attribute-heading"" class=""specs-section"" data-toggle=""collapse"" data-target=""#product-specs-attribute"" aria-expanded=""true"" aria-controls=""product-specs-attribute"">

ThÃ´ng sá» ká»¹ thuáº­t
<ul>
 	<li>ThÆ°Æ¡ng hiá»u: Fastrack - Äá»ng há» dÃ¢y Äeo silicone nam</li>
 	<li>Giá»i tÃ­nh: Nam</li>
 	<li>Cháº¥t liá»u thá»§y tinh: Acrylic</li>
 	<li>Thá»i gian báº£o hÃ nh: 6 thÃ¡ng</li>
 	<li>Chi tiáº¿t báº£o hÃ nh: Báº£o hÃ nh 6 thÃ¡ng cho bá» mÃ¡y &amp; báº£o hÃ nh 12 thÃ¡ng cho pin ká» tá»« ngÃ y mua.</li>
 	<li>Cháº¥t liá»u dÃ¢y Äeo: Silicone</li>
 	<li>DÃ¢y Äeo Color: Äen</li>
 	<li>Chá»©c nÄng: CÆ¡ cháº¿ khÃ³a</li>
 	<li>Váº­t liá»u vá»: Nhá»±a</li>
 	<li>Chiá»u dÃ i vá»: 50 mm</li>
 	<li>Chiá»u rá»ng vá»: 43 mm</li>
 	<li>Äá» dÃ y vá»: 80 mm</li>
</ul>
</div>";;publish;;0;"2024-10-10 19:19:00";1;open;woo-fastrack-men-black-dial-chronograph-watch-3072sm01;;;no;no;;1200000;980000;;;;;;;instock;no;no;;no;taxable;;;;;;0;0;;;"http://localhost/p_shop/wp-content/uploads/2024/10/38062PP12W_1.jpg ! alt :  ! title : 38062PP12W_1 ! desc :  ! caption :  | http://localhost/p_shop/wp-content/uploads/2024/10/38062PP12W_5.jpg ! alt :  ! title : 38062PP12W_5 ! desc :  ! caption :  | http://localhost/p_shop/wp-content/uploads/2024/10/38062PP12W_4.jpg ! alt :  ! title : 38062PP12W_4 ! desc :  ! caption :  | http://localhost/p_shop/wp-content/uploads/2024/10/38062PP12W_3.jpg ! alt :  ! title : 38062PP12W_3 ! desc :  ! caption :  | http://localhost/p_shop/wp-content/uploads/2024/10/38062PP12W_3-1.jpg ! alt :  ! title : 38062PP12W_3 (1) ! desc :  ! caption : ";;http://localhost/p_shop/product/fastrack-men-black-dial-chronograph-watch-3072sm01/;0;simple;;"Quáº§n Ã¡o nam > Phá»¥ kiá»n|Quáº§n Ã¡o nam";;;;;;
"Đầm mini tay bèo nhún ren";evoke-1899-off-white-t-shirt;;1009364;"Máº·c vÃ¡y. Cáº£m tháº¥y sang trá»ng trong chiáº¿c vÃ¡y ngáº¯n nÃ y, ÄÆ°á»£c lÃ m tá»« cháº¥t liá»u ren cao cáº¥p vá»i chi tiáº¿t bÃ¨o nhÃºn, thiáº¿t káº¿ tay Ã¡o bÃ¨o nhÃºn vÃ  kiá»u dÃ¡ng Ã¡o dÃ i. Káº¿t há»£p vá»i bá»t cao Äáº¿n ÄÃ¹i mÃ u Äá» anh ÄÃ o vÃ  phá»¥ kiá»n ÄÆ¡n giáº£n Äá» cÃ³ má»t káº¿t thÃºc há»£p thá»i trang Äáº£m báº£o giÃºp báº¡n trá» thÃ nh ngÆ°á»i Än máº·c Äáº¹p nháº¥t trong mÃ¹a nÃ y.";"VÃ¡y dÃ i tay bÃ¨o nhÃºn ren
Cháº¥t liá»u ren cao cáº¥p
Chi tiáº¿t bÃ¨o nhÃºn
Thiáº¿t káº¿ tay Ã¡o bÃ¨o nhÃºn
NgÆ°á»i máº«u máº·c size S (size 6 cá»§a Hoa Ká»³/size 10 cá»§a Anh).";publish;;0;"2024-10-10 19:19:00";1;open;woo-evoke-1899-off-white-t-shirt;;;no;no;;429000;290000;;;;;;;instock;no;no;;no;taxable;;;;;;0;0;;;"http://localhost/p_shop/wp-content/uploads/2024/10/image12011.jpg ! alt :  ! title : image1 (11) ! desc :  ! caption :  | http://localhost/p_shop/wp-content/uploads/2024/10/black-lace-ruffle-fluted-sleeve-tunic-mini-dress-scaled.jpg ! alt :  ! title : black-lace-ruffle-fluted-sleeve-tunic-mini-dress ! desc :  ! caption :  | http://localhost/p_shop/wp-content/uploads/2024/10/black-lace-ruffle-fluted-sleeve-tunic-mini-dress-1-scaled.jpg ! alt :  ! title : black-lace-ruffle-fluted-sleeve-tunic-mini-dress (1) ! desc :  ! caption :  | http://localhost/p_shop/wp-content/uploads/2024/10/black-lace-ruffle-fluted-sleeve-tunic-mini-dress-2-scaled.jpg ! alt :  ! title : black-lace-ruffle-fluted-sleeve-tunic-mini-dress (2) ! desc :  ! caption : ";;http://localhost/p_shop/product/evoke-1899-off-white-t-shirt/;0;simple;;"Quáº§n Ã¡o ná»¯|Quáº§n Ã¡o ná»¯ > VÃ¡y/ Äáº§m";;;;;L|M|S|XL;0|1|0
"Áo ba lỗ in họa tiết cỡ lớn SXY dành cho nữ";evoke-1899-grey-melange-t-shirt;;1009385;"Chi tiáº¿t: Sequin tÆ°Æ¡ng pháº£n
Cá» Ã¡o: Cá» trÃ²n
Phong cÃ¡ch: ThÆ°á»ng ngÃ y
Loáº¡i: Ão ba lá»
MÃ u sáº¯c: Äen
Kiá»u há»a tiáº¿t: TrÆ¡n
Chiá»u dÃ i tay Ã¡o: Tay dÃ i
Kiá»u vá»«a váº·n: Ãm vá»«a
Cháº¥t liá»u: Co giÃ£n trung bÃ¬nh
Cháº¥t liá»u: Váº£i
ThÃ nh pháº§n: 80% Polyester, 20% Elastane
HÆ°á»ng dáº«n báº£o quáº£n: Giáº·t tay, khÃ´ng giáº·t khÃ´
Äá» trong suá»t: CÃ³";;publish;;0;"2024-10-10 19:19:00";1;open;woo-evoke-1899-grey-melange-t-shirt;;;no;no;;219000;;;;;;;;instock;no;no;;no;taxable;;;;;;0;0;;;"http://localhost/p_shop/wp-content/uploads/2024/10/170471096300efa951c1ca71b5de85c156c367f810_thumbnail_220x293.jpg ! alt :  ! title : 170471096300efa951c1ca71b5de85c156c367f810_thumbnail_220x293 ! desc :  ! caption :  | http://localhost/p_shop/wp-content/uploads/2024/10/1704710971363e3346ee096aa2938e580fccccbf1e_thumbnail_220x293.webp ! alt :  ! title : 1704710971363e3346ee096aa2938e580fccccbf1e_thumbnail_220x293 ! desc :  ! caption :  | http://localhost/p_shop/wp-content/uploads/2024/10/1704710968d933678e7fee64481cc759c842168bc0_thumbnail_220x293.jpg ! alt :  ! title : 1704710968d933678e7fee64481cc759c842168bc0_thumbnail_220x293 ! desc :  ! caption :  | http://localhost/p_shop/wp-content/uploads/2024/10/170471097685f3674ac553ce6e21d0b41c1dc654b6_thumbnail_220x293.jpg ! alt :  ! title : 170471097685f3674ac553ce6e21d0b41c1dc654b6_thumbnail_220x293 ! desc :  ! caption :  | http://localhost/p_shop/wp-content/uploads/2024/10/170471098078fb4038fbc583d8310975bdf0ea65c6_thumbnail_220x293.jpg ! alt :  ! title : 170471098078fb4038fbc583d8310975bdf0ea65c6_thumbnail_220x293 ! desc :  ! caption : ";;http://localhost/p_shop/product/evoke-1899-grey-melange-t-shirt/;0;simple;;"Quáº§n Ã¡o ná»¯|Quáº§n Ã¡o ná»¯ > VÃ¡y/ Äáº§m";;;;;L|M|S|XL;0|1|0
"Quần Jeans Ôm Màu Xanh Slub";slub-blue-washed-slim-jeans;;1009547;"Má»t cáº·p quáº§n jeans cáº¡p vá»«a 5 tÃºi mÃ u xanh, ÄÆ°á»£c giáº·t nháº¹ vÃ  hÆ¡i
xá»n mÃ u, cÃ³ rÃ¢u vÃ  hÃ¬nh chá»¯ V, khÃ³a cÃ i báº±ng nÃºt vÃ  cáº¡p quáº§n cÃ³ Äai tháº¯t lÆ°ng
NhÃ  táº¡o máº«u cá»§a chÃºng tÃ´i ÄÃ£ káº¿t há»£p quáº§n jeans nÃ y vá»i tháº¯t lÆ°ng
Quáº§n jeans nÃ y sáº½ khÃ´ng Äi kÃ¨m tháº¯t lÆ°ng";"<strong>KÃ­ch thÆ°á»c &amp; Vá»«a váº·n</strong>

Vá»«a váº·n, cáº¡p vá»«a
NgÆ°á»i máº«u (cao 6'5'') Äang máº·c size 30";publish;;0;"2024-10-10 19:19:00";1;open;woo-slub-blue-washed-slim-jeans;;;no;no;;380000;290000;;;;;;;instock;no;no;;no;taxable;;;;;;0;0;;;"http://localhost/p_shop/wp-content/uploads/2024/10/11445946035048-Slub-Blue-Washed-Slim-Jeans-5271445946034810-5.jpg ! alt :  ! title : 11445946035048-Slub-Blue-Washed-Slim-Jeans-5271445946034810-5 ! desc :  ! caption :  | http://localhost/p_shop/wp-content/uploads/2024/10/11445946035347-Slub-Blue-Washed-Slim-Jeans-5271445946034810-1.jpg ! alt :  ! title : 11445946035347-Slub-Blue-Washed-Slim-Jeans-5271445946034810-1 ! desc :  ! caption :  | http://localhost/p_shop/wp-content/uploads/2024/10/11445946035190-Slub-Blue-Washed-Slim-Jeans-5271445946034810-3.jpg ! alt :  ! title : 11445946035190-Slub-Blue-Washed-Slim-Jeans-5271445946034810-3 ! desc :  ! caption :  | http://localhost/p_shop/wp-content/uploads/2024/10/11445946035107-Slub-Blue-Washed-Slim-Jeans-5271445946034810-4.jpg ! alt :  ! title : 11445946035107-Slub-Blue-Washed-Slim-Jeans-5271445946034810-4 ! desc :  ! caption :  | http://localhost/p_shop/wp-content/uploads/2024/10/11445946034978-Slub-Blue-Washed-Slim-Jeans-5271445946034810-6.jpg ! alt :  ! title : 11445946034978-Slub-Blue-Washed-Slim-Jeans-5271445946034810-6 ! desc :  ! caption :  | http://localhost/p_shop/wp-content/uploads/2024/10/11445946035280-Slub-Blue-Washed-Slim-Jeans-5271445946034810-2.jpg ! alt :  ! title : 11445946035280-Slub-Blue-Washed-Slim-Jeans-5271445946034810-2 ! desc :  ! caption : ";;http://localhost/p_shop/product/slub-blue-washed-slim-jeans/;0;simple;;"Quáº§n Ã¡o nam|Quáº§n Ã¡o nam > Quáº§n dÃ i";;;;;L|XL|XXL|XXXL;0|1|0
"Slub Áo sơ mi kẻ caro xanh thường ngày";slub-blue-checked-casual-shirt;;1009557;"Ão sÆ¡ mi káº» caro xanh thÆ°á»ng ngÃ y, cá» Ã¡o khoÃ©t sÃ¢u má»t ná»­a vá»i khuy cÃ i Äáº§y Äá»§, tay Ã¡o dÃ i, tÃºi ngá»±c phÃ­a trÆ°á»c vÃ  gáº¥u Ã¡o cong

Cháº¥t liá»u &amp; ChÄm sÃ³c
100% cotton
Giáº·t mÃ¡y báº±ng nÆ°á»c láº¡nh";"<strong>KÃ­ch thÆ°á»c &amp; Äá» vá»«a váº·n</strong>
NgÆ°á»i máº«u (cao 6'2"" vÃ  vai 16,5'') máº·c size 40";publish;;0;"2024-10-10 19:19:00";1;open;woo-slub-blue-checked-casual-shirt;;;no;no;;310000;280000;;;;;;;instock;no;no;;no;taxable;;;;;;0;0;;;"http://localhost/p_shop/wp-content/uploads/2024/10/11445334202701-Slub-Blue-Checked-Casual-Shirt-3991445334202192-3.jpg ! alt :  ! title : 11445334202701-Slub-Blue-Checked-Casual-Shirt-3991445334202192-3 ! desc :  ! caption :  | http://localhost/p_shop/wp-content/uploads/2024/10/11445334202896-Slub-Blue-Checked-Casual-Shirt-3991445334202192-1.jpg ! alt :  ! title : 11445334202896-Slub-Blue-Checked-Casual-Shirt-3991445334202192-1 ! desc :  ! caption :  | http://localhost/p_shop/wp-content/uploads/2024/10/11445334202793-Slub-Blue-Checked-Casual-Shirt-3991445334202192-2.jpg ! alt :  ! title : 11445334202793-Slub-Blue-Checked-Casual-Shirt-3991445334202192-2 ! desc :  ! caption :  | http://localhost/p_shop/wp-content/uploads/2024/10/11445334202608-Slub-Blue-Checked-Casual-Shirt-3991445334202192-4.jpg ! alt :  ! title : 11445334202608-Slub-Blue-Checked-Casual-Shirt-3991445334202192-4 ! desc :  ! caption :  | http://localhost/p_shop/wp-content/uploads/2024/10/11445334202531-Slub-Blue-Checked-Casual-Shirt-3991445334202192-5.jpg ! alt :  ! title : 11445334202531-Slub-Blue-Checked-Casual-Shirt-3991445334202192-5 ! desc :  ! caption :  | http://localhost/p_shop/wp-content/uploads/2024/10/11445334202444-Slub-Blue-Checked-Casual-Shirt-3991445334202192-6.jpg ! alt :  ! title : 11445334202444-Slub-Blue-Checked-Casual-Shirt-3991445334202192-6 ! desc :  ! caption : ";;http://localhost/p_shop/product/slub-blue-checked-casual-shirt/;0;simple;;"Quáº§n Ã¡o nam|Quáº§n Ã¡o nam > Quáº§n dÃ i";;;;;L|XL|XXL|XXXL;0|1|0
"Áo hai dây da giả có chi tiết viền ren lông mi";only-blue-washed-skorts;;1009680;"Head Turner. Cáº£m tháº¥y cá»±c ká»³ quyáº¿n rÅ© trong chiáº¿c Ã¡o hai dÃ¢y nÃ y, ÄÆ°á»£c lÃ m tá»« cháº¥t liá»u da giáº£ cao cáº¥p vá»i chi tiáº¿t viá»n ren mi. Káº¿t há»£p vá»i vÃ¡y ngáº¯n phÃ¹ há»£p vÃ  má»t ÄÃ´i bá»t cao Äáº¿n Äáº§u gá»i Äá» hoÃ n thiá»n váº» ngoÃ i giÃºp báº¡n trá» thÃ nh tÃ¢m Äiá»m chÃº Ã½ táº¡i quÃ¡n rÆ°á»£u yÃªu thÃ­ch cá»§a mÃ¬nh.";"Ão hai dÃ¢y da giáº£ cÃ³ chi tiáº¿t viá»n ren mi
Cháº¥t liá»u da giáº£ cao cáº¥p
Chi tiáº¿t viá»n ren mi
NgÆ°á»i máº«u máº·c size S (size 6 cá»§a Hoa Ká»³/size 10 cá»§a Anh).";publish;;0;"2024-10-10 19:19:00";1;open;woo-only-blue-washed-skorts;;;no;no;;420000;;;;;;;;instock;no;no;;no;taxable;;;;;;0;0;;;"http://localhost/p_shop/wp-content/uploads/2024/10/image12015.jpg ! alt :  ! title : image1 (15) ! desc :  ! caption :  | http://localhost/p_shop/wp-content/uploads/2024/10/black-eyelash-lace-trim-detail-faux-leather-cami-top-scaled.jpg ! alt :  ! title : black-eyelash-lace-trim-detail-faux-leather-cami-top ! desc :  ! caption :  | http://localhost/p_shop/wp-content/uploads/2024/10/black-eyelash-lace-trim-detail-faux-leather-cami-top-2-scaled.jpg ! alt :  ! title : black-eyelash-lace-trim-detail-faux-leather-cami-top (2) ! desc :  ! caption :  | http://localhost/p_shop/wp-content/uploads/2024/10/black-eyelash-lace-trim-detail-faux-leather-cami-top-1-scaled.jpg ! alt :  ! title : black-eyelash-lace-trim-detail-faux-leather-cami-top (1) ! desc :  ! caption : ";;http://localhost/p_shop/product/only-blue-washed-skorts/;0;simple;;"Quáº§n Ã¡o ná»¯|Quáº§n Ã¡o ná»¯ > VÃ¡y/ Äáº§m";;;;;L|M|S|XL;0|1|0
"Váy Mini Kẻ Sọc Cao Cấp May Đo";blissta-beige-red-cotton-unstitched-dress-material;;1010018;"HÃ£y bÆ°á»c vÃ o má»t phong cÃ¡ch sang trá»ng. Cáº£m tháº¥y thanh lá»ch trong chiáº¿c vÃ¡y nÃ y, ÄÆ°á»£c lÃ m tá»« cháº¥t liá»u cao cáº¥p cháº¥t lÆ°á»£ng cao vá»i kiá»u dÃ¡ng vá»«a váº·n vÃ  thiáº¿t káº¿ káº» sá»c. Káº¿t há»£p chiáº¿c vÃ¡y ngáº¯n nÃ y vá»i má»t sá» ÄÃ´i bá»t cao Äáº¿n Äáº§u gá»i, má»t sá» phá»¥ kiá»n mÃ u báº¡c vÃ  má»t chiáº¿c Ã¡o khoÃ¡c da giáº£ quÃ¡ khá» Äá» cÃ³ má»t diá»n máº¡o ban ngÃ y vÃ  ban ÄÃªm mÃ  chÃºng ta khÃ´ng thá» nÃ o chÃ¡n.";"VÃ¡y ngáº¯n káº» sá»c cao cáº¥p ÄÆ°á»£c may Äo riÃªng
Cháº¥t liá»u cao cáº¥p cháº¥t lÆ°á»£ng cao
Kiá»u dÃ¡ng vá»«a váº·n
Thiáº¿t káº¿ káº» sá»c
Chiá»u dÃ i ngáº¯n
NgÆ°á»i máº«u máº·c size S (size 6 cá»§a Hoa Ká»³/size 10 cá»§a VÆ°Æ¡ng quá»c Anh).";publish;;0;"2024-10-10 19:19:00";1;open;woo-blissta-beige-&-red-cotton-unstitched-dress-material;;;no;no;;570000;;;;;;;;instock;no;no;;no;taxable;;;;;;0;0;;;"http://localhost/p_shop/wp-content/uploads/2024/10/mono-premium-tailored-pinstripe-mini-dress-1-scaled.jpg ! alt :  ! title : mono-premium-tailored-pinstripe-mini--dress (1) ! desc :  ! caption :  | http://localhost/p_shop/wp-content/uploads/2024/10/download-3.jpg ! alt :  ! title : download (3) ! desc :  ! caption :  | http://localhost/p_shop/wp-content/uploads/2024/10/mono-premium-tailored-pinstripe-mini-dress-scaled.jpg ! alt :  ! title : mono-premium-tailored-pinstripe-mini--dress ! desc :  ! caption :  | http://localhost/p_shop/wp-content/uploads/2024/10/mono-premium-tailored-pinstripe-mini-dress-2-scaled.jpg ! alt :  ! title : mono-premium-tailored-pinstripe-mini--dress (2) ! desc :  ! caption : ";;http://localhost/p_shop/product/blissta-beige-red-cotton-unstitched-dress-material/;0;simple;;"Quáº§n Ã¡o ná»¯|Quáº§n Ã¡o ná»¯ > VÃ¡y/ Äáº§m";;;;;L|M|S|XL;0|1|0
"Đầm ngắn tay bồng cổ cao màu đỏ gợi cảm hở lưng khoét nút dáng chữ A";belle-fille-blue-tailored-jacket;;1010437;"Kích cỡ:

<strong>S:</strong> Vòng ngực: 33,07"" Chiều dài váy: 31,50"" Chiều rộng vai: 14,17"" Vòng eo: 25,98""

<strong>M:</strong> Vòng ngực: 34,65"" Chiều dài váy: 31,89"" Chiều rộng vai: 14,57"" Vòng eo: 27,56""

<strong>L:</strong> Vòng ngực: 36,22"" Chiều dài váy: 32,28"" Chiều rộng vai: 14,96"" Vòng eo: 29,13""";;publish;;0;"2024-10-10 19:19:00";1;open;woo-belle-fille-blue-tailored-jacket;;;no;no;;730000;590000;;;;;;;instock;no;no;;no;taxable;;;;;;0;0;;;"http://localhost/p_shop/wp-content/uploads/2024/10/Fashion-Bow-Evening-Dress-Women-Sexy-Backless-Puff-Sleeve-Empire-A-line-Mini-Dresse-Female-2024.jpg_350x350xz.jpg_.webp ! alt :  ! title : Fashion-Bow-Evening-Dress-Women-Sexy-Backless-Puff-Sleeve-Empire-A-line-Mini-Dresse-Female-2024.jpg_350x350xz.jpg_ ! desc :  ! caption :  | http://localhost/p_shop/wp-content/uploads/2024/10/Elegant-Bow-Hollow-Out-Red-Dresses-Women-O-neck-Short-Puff-Sleeve-High-Waist-A-line.png_350x350xz.png_.webp ! alt :  ! title : Elegant-Bow-Hollow-Out-Red-Dresses-Women-O-neck-Short-Puff-Sleeve-High-Waist-A-line.png_350x350xz.png_ ! desc :  ! caption :  | http://localhost/p_shop/wp-content/uploads/2024/10/Bow-Hollow-Out-Women-Dress-Elegant-Turtleneck-Petal-Sleeve-High-Waist-Zipped-Female-Mini-Dresses-2024.jpg_350x350xz.jpg_.webp ! alt :  ! title : Bow-Hollow-Out-Women-Dress-Elegant-Turtleneck-Petal-Sleeve-High-Waist-Zipped-Female-Mini-Dresses-2024.jpg_350x350xz.jpg_ ! desc :  ! caption :  | http://localhost/p_shop/wp-content/uploads/2024/10/Scoggins-Bow-Red-Cocktail-Dress-2024-Girl-Backless-Hollow-Prom-Dress-High-Neck-Mini-Evening-Party.jpg_350x350xz.jpg_.webp ! alt :  ! title : Scoggins-Bow-Red-Cocktail-Dress-2024-Girl-Backless-Hollow-Prom-Dress-High-Neck-Mini-Evening-Party.jpg_350x350xz.jpg_ ! desc :  ! caption : ";;http://localhost/p_shop/product/belle-fille-blue-tailored-jacket/;0;simple;;"Quáº§n Ã¡o ná»¯|Quáº§n Ã¡o ná»¯ > VÃ¡y/ Äáº§m";;;Đỏ;1|1|0;L|M|S|XS;0|1|0
"Áo corset quây ngực ren Vinyl rách rưới";belle-fille-red-tailored-jacket;;1010438;"CÃ³ váº» ngoÃ i báº±ng da. Cáº£m tháº¥y quyáº¿n rÅ© trong chiáº¿c Ã¡o nÃ y, ÄÆ°á»£c lÃ m tá»« cháº¥t liá»u vinyl cháº¥t lÆ°á»£ng cao vá»i thiáº¿t káº¿ cÅ©, chi tiáº¿t buá»c dÃ¢y bÃªn hÃ´ng, ÄÆ°á»ng viá»n cá» Ã¡o bandeau vÃ  kiá»u corset. Káº¿t há»£p chiáº¿c Ã¡o nÃ y vá»i quáº§n dÃ i phÃ¹ há»£p, má»t chiáº¿c vÃ²ng cá» báº¡c nhiá»u lá»p vÃ  giÃ y cao gÃ³t há» gÃ³t Äá» táº¡o nÃªn má»t bá» trang phá»¥c mÃ  chÃºng ta khÃ´ng thá» rá»i máº¯t.";"Ão corset ren vinyl cÅ©
Cháº¥t liá»u vinyl cháº¥t lÆ°á»£ng cao
Chi tiáº¿t buá»c dÃ¢y bÃªn hÃ´ng
Kiá»u corset
NgÆ°á»i máº«u máº·c size S (size 6 cá»§a Hoa Ká»³/size 10 cá»§a Anh).";publish;;0;"2024-10-10 19:19:00";1;open;woo-belle-fille-red-tailored-jacket;;;no;no;;283000;;;;;;;;instock;no;no;;no;taxable;;;;;;0;0;;;"http://localhost/p_shop/wp-content/uploads/2024/10/image12018.jpg ! alt :  ! title : image1 (18) ! desc :  ! caption :  | http://localhost/p_shop/wp-content/uploads/2024/10/wine-distressed-vinyl-lace-side-corset-bandeau-top-scaled.jpg ! alt :  ! title : wine-distressed-vinyl-lace-side-corset-bandeau-top ! desc :  ! caption :  | http://localhost/p_shop/wp-content/uploads/2024/10/wine-distressed-vinyl-lace-side-corset-bandeau-top-1-scaled.jpg ! alt :  ! title : wine-distressed-vinyl-lace-side-corset-bandeau-top (1) ! desc :  ! caption :  | http://localhost/p_shop/wp-content/uploads/2024/10/wine-distressed-vinyl-lace-side-corset-bandeau-top-2-scaled.jpg ! alt :  ! title : wine-distressed-vinyl-lace-side-corset-bandeau-top (2) ! desc :  ! caption : ";;http://localhost/p_shop/product/belle-fille-red-tailored-jacket/;0;simple;;"Quáº§n Ã¡o ná»¯|Quáº§n Ã¡o ná»¯ > VÃ¡y/ Äáº§m";;;;;L|M|S|XL;0|1|0
"Áo khoác thể thao trùm đầu cho nữ";belle-fille-women-maroon-solid-sporty-jacket;;1010439;"Ão khoÃ¡c thá» thao mÃ u nÃ¢u sáº«m, cÃ³ mÅ© trÃ¹m Äáº§u, khÃ³a kÃ©o toÃ n bá», tay dÃ i, hai tÃºi trong, gáº¥u Ã¡o cÃ³ gÃ¢n

<strong>Cháº¥t liá»u &amp; ChÄm sÃ³c</strong>
Cotton
Giáº·t tay";"<strong>KÃ­ch thÆ°á»c &amp; Äá» vá»«a váº·n</strong>
NgÆ°á»i máº«u (cao 5'8'') máº·c size S";publish;;0;"2024-10-10 19:19:00";1;open;woo-belle-fille-women-maroon-solid-sporty-jacket;;;no;no;;210000;180000;;;;;;;instock;no;no;;no;taxable;;;;;;0;0;;;"http://localhost/p_shop/wp-content/uploads/2024/10/11479466114063-Belle-Fille-Women-Jackets-6341479466113724-1.jpg ! alt :  ! title : 11479466114063-Belle-Fille-Women-Jackets-6341479466113724-1 ! desc :  ! caption :  | http://localhost/p_shop/wp-content/uploads/2024/10/11479466113970-Belle-Fille-Women-Jackets-6341479466113724-4.jpg ! alt :  ! title : 11479466113970-Belle-Fille-Women-Jackets-6341479466113724-4 ! desc :  ! caption :  | http://localhost/p_shop/wp-content/uploads/2024/10/11479466114033-Belle-Fille-Women-Jackets-6341479466113724-2.jpg ! alt :  ! title : 11479466114033-Belle-Fille-Women-Jackets-6341479466113724-2 ! desc :  ! caption :  | http://localhost/p_shop/wp-content/uploads/2024/10/11479466114004-Belle-Fille-Women-Jackets-6341479466113724-3.jpg ! alt :  ! title : 11479466114004-Belle-Fille-Women-Jackets-6341479466113724-3 ! desc :  ! caption :  | http://localhost/p_shop/wp-content/uploads/2024/10/11479466113932-Belle-Fille-Women-Jackets-6341479466113724-5.jpg ! alt :  ! title : 11479466113932-Belle-Fille-Women-Jackets-6341479466113724-5 ! desc :  ! caption : ";;http://localhost/p_shop/product/belle-fille-women-maroon-solid-sporty-jacket/;0;simple;;"Quáº§n Ã¡o ná»¯ > Ão khoÃ¡c|Quáº§n Ã¡o ná»¯";;;;;L|M|S|XL;0|1|0
"Áo thun lông cừu Exa in hình đồi núi cho trẻ em";belle-fille-grey-jacket;;1010440;"Ã¡o khoÃ¡c lÃ´ng cá»«u má»m máº¡i vÃ  thoáº£i mÃ¡i dÃ nh cho tráº» em. Chiáº¿c Ã¡o khoÃ¡c ÄÆ°á»£c lÃ m báº±ng lÃ´ng cá»«u teddy áº¥m Ã¡p giÃºp giá»¯ áº¥m cho tráº» trong nhá»¯ng cuá»c phiÃªu lÆ°u láº¡nh giÃ¡.";"LÃ m báº±ng lÃ´ng cá»«u
MÅ© trÃ¹m Äáº§u cÃ³ thá» thÃ¡o rá»i
TÃºi ngá»±c cÃ³ khÃ³a kÃ©o
Viá»n chun quanh gáº¥u Ã¡o, cá» tay vÃ  ÄÆ°á»ng viá»n cá» Ã¡o
Tháº» tÃªn cÃ³ chá» Äá» gáº¯n nhiá»u tÃªn
Váº£i: 100% polyester";publish;;0;"2024-10-10 19:19:00";1;open;woo-belle-fille-grey-jacket;;;no;no;;389000;;;;;;;;instock;no;no;;no;taxable;;;;;;0;0;;;"http://localhost/p_shop/wp-content/uploads/2024/10/exa_printed_kids_fullzip_2_505591_A63_10front1_m242-cb6ec375c0.jpeg ! alt :  ! title : exa_printed_kids_fullzip_2_505591_A63_10front1_m242-cb6ec375c0 ! desc :  ! caption :  | http://localhost/p_shop/wp-content/uploads/2024/10/exa_printed_kids_fullzip_2_505591_A63_10front1_a242-53879ad692.png ! alt :  ! title : exa_printed_kids_fullzip_2_505591_A63_10front1_a242-53879ad692 ! desc :  ! caption :  | http://localhost/p_shop/wp-content/uploads/2024/10/exa_printed_kids_fullzip_2_505591_A63_30back1_a242-6946c09f7c.png ! alt :  ! title : exa_printed_kids_fullzip_2_505591_A63_30back1_a242-6946c09f7c ! desc :  ! caption :  | http://localhost/p_shop/wp-content/uploads/2024/10/exa_printed_kids_fullzip_2_505591_A63_10front2_m242-769a543270.jpeg ! alt :  ! title : exa_printed_kids_fullzip_2_505591_A63_10front2_m242-769a543270 ! desc :  ! caption :  | http://localhost/p_shop/wp-content/uploads/2024/10/exa_printed_kids_fullzip_2_505591_A63_40right1_m242-9d46b25cad.jpeg ! alt :  ! title : exa_printed_kids_fullzip_2_505591_A63_40right1_m242-9d46b25cad ! desc :  ! caption :  | http://localhost/p_shop/wp-content/uploads/2024/10/exa_printed_kids_fullzip_2_505591_A63_20left1_m242-4abb7aac73.jpeg ! alt :  ! title : exa_printed_kids_fullzip_2_505591_A63_20left1_m242-4abb7aac73 ! desc :  ! caption :  | http://localhost/p_shop/wp-content/uploads/2024/10/exa_printed_kids_fullzip_2_505591_A63_30back1_m242-20e42af046.jpeg ! alt :  ! title : exa_printed_kids_fullzip_2_505591_A63_30back1_m242-20e42af046 ! desc :  ! caption :  | http://localhost/p_shop/wp-content/uploads/2024/10/exa_printed_kids_fullzip_2_505591_A63_50detail1_m242-12cd62dc30.jpeg ! alt :  ! title : exa_printed_kids_fullzip_2_505591_A63_50detail1_m242-12cd62dc30 ! desc :  ! caption :  | http://localhost/p_shop/wp-content/uploads/2024/10/exa_printed_kids_fullzip_2_505591_A63_50detail2_m242-264e65d0a2.jpeg ! alt :  ! title : exa_printed_kids_fullzip_2_505591_A63_50detail2_m242-264e65d0a2 ! desc :  ! caption :  | http://localhost/p_shop/wp-content/uploads/2024/10/exa_printed_kids_fullzip_2_505591_A63_50detail3_m242-09efd7c60f.jpeg ! alt :  ! title : exa_printed_kids_fullzip_2_505591_A63_50detail3_m242-09efd7c60f ! desc :  ! caption : ";;http://localhost/p_shop/product/belle-fille-grey-jacket/;0;simple;;"Tráº» em";;;;;L|M|S|XL|XS;0|1|0
"Áo len cổ lo sọc 3 màu cho nữ";belle-fille-black-tailored-jacket;;1010441;"Cháº¥t liá»u: Polyester
Váº£i vá»: Váº£i Sherpa má»m máº¡i áº¥m Ã¡p
Váº£i lÃ³t: Cá» Ã¡o lÃ³t báº±ng váº£i ripstop tÃ¡i cháº¿
Kiá»u dÃ¡ng/vá»«a váº·n:_ Vá»«a váº·n thoáº£i mÃ¡i
Chiá»u dÃ i: HÃ´ng 26"" (cá»¡ M)
KhÃ³a: KhÃ³a cÃ i phÃ­a trÆ°á»c á» cá»
TÃºi: TÃºi cÃ³ mÃ³c vÃ  vÃ²ng tá»± khÃ³a á» trÃªn cÃ¹ng, tÃºi hÃ´ng á» bÃªn hÃ´ng
HoÃ n thiá»n viá»n: Viá»n chun á» viá»n vÃ  tay Ã¡o
ThÆ°Æ¡ng hiá»u:__ NhÃ£n bÃªn ngoÃ i Adventure Division báº±ng cao su ÄÃºc.
Cháº¥t liá»u 100% Polyester";;publish;;0;"2024-10-10 19:19:00";1;open;woo-belle-fille-black-tailored-jacket;;;no;no;;483000;;;;;;;;instock;no;no;;no;taxable;;;;;;0;0;;;"http://localhost/p_shop/wp-content/uploads/2024/10/f3wa12bif2_billabongl_0714_frt1-1.jpg ! alt :  ! title : f3wa12bif2_billabong,l_0714_frt1 (1) ! desc :  ! caption :  | http://localhost/p_shop/wp-content/uploads/2024/10/f3wa12bif2_billabongl_0714_frt2-1.jpg ! alt :  ! title : f3wa12bif2_billabong,l_0714_frt2 (1) ! desc :  ! caption :  | http://localhost/p_shop/wp-content/uploads/2024/10/f3wa12bif2_billabongv_0714_frt1-1.jpg ! alt :  ! title : f3wa12bif2_billabong,v_0714_frt1 (1) ! desc :  ! caption : ";;http://localhost/p_shop/product/belle-fille-black-tailored-jacket/;0;simple;;"Quáº§n Ã¡o ná»¯ > Ão khoÃ¡c|Quáº§n Ã¡o ná»¯";;;;;L|M|S|XL|XXL;0|1|0
"Nút đồ họa cổ V thoải mái lên áo mi-lông mùa hè đàn ông Polo 95% đàn Polyester, 5% áo polo áo đàn hồi";belle-fille-women-red-solid-sporty-jacket;;1010442;"<table>
<tbody>
<tr>
<th class=""th-label"" width=""166"">Vật liệu:</th>
<td>95% polyester,5% đàn hồi</td>
</tr>
<tr>
<th class=""th-label"" width=""166"">Kiểu vòng cổ:</th>
<td>Áo Polo cổ</td>
</tr>
</tbody>
</table>";;publish;;0;"2024-10-10 19:19:00";1;open;woo-belle-fille-women-red-solid-sporty-jacket;;;no;no;;190000;;;;;;;;instock;no;no;;no;taxable;;;;;;0;0;;;"http://localhost/p_shop/wp-content/uploads/2024/10/PLM-SS37-1-mp4.webp ! alt :  ! title : PLM-SS37-1-mp4 ! desc :  ! caption :  | http://localhost/p_shop/wp-content/uploads/2024/10/Comfortably-Stylish-V-Neck-Graphic-Button-up-Polo-Men-s-Summer-Short-Sleeve-95-Polyester-5-Elastane-Polo-Shirts-1.webp ! alt :  ! title : Comfortably-Stylish-V-Neck-Graphic-Button-up-Polo-Men-s-Summer-Short-Sleeve-95-Polyester-5-Elastane-Polo-Shirts (1) ! desc :  ! caption :  | http://localhost/p_shop/wp-content/uploads/2024/10/Comfortably-Stylish-V-Neck-Graphic-Button-up-Polo-Men-s-Summer-Short-Sleeve-95-Polyester-5-Elastane-Polo-Shirts.webp ! alt :  ! title : Comfortably-Stylish-V-Neck-Graphic-Button-up-Polo-Men-s-Summer-Short-Sleeve-95-Polyester-5-Elastane-Polo-Shirts ! desc :  ! caption :  | http://localhost/p_shop/wp-content/uploads/2024/10/Comfortably-Stylish-V-Neck-Graphic-Button-up-Polo-Men-s-Summer-Short-Sleeve-95-Polyester-5-Elastane-Polo-Shirts-2.webp ! alt :  ! title : Comfortably-Stylish-V-Neck-Graphic-Button-up-Polo-Men-s-Summer-Short-Sleeve-95-Polyester-5-Elastane-Polo-Shirts (2) ! desc :  ! caption :  | http://localhost/p_shop/wp-content/uploads/2024/10/Comfortably-Stylish-V-Neck-Graphic-Button-up-Polo-Men-s-Summer-Short-Sleeve-95-Polyester-5-Elastane-Polo-Shirts-3.webp ! alt :  ! title : Comfortably-Stylish-V-Neck-Graphic-Button-up-Polo-Men-s-Summer-Short-Sleeve-95-Polyester-5-Elastane-Polo-Shirts (3) ! desc :  ! caption :  | http://localhost/p_shop/wp-content/uploads/2024/10/Comfortably-Stylish-V-Neck-Graphic-Button-up-Polo-Men-s-Summer-Short-Sleeve-95-Polyester-5-Elastane-Polo-Shirts-4.webp ! alt :  ! title : Comfortably-Stylish-V-Neck-Graphic-Button-up-Polo-Men-s-Summer-Short-Sleeve-95-Polyester-5-Elastane-Polo-Shirts (4) ! desc :  ! caption : ";;http://localhost/p_shop/product/belle-fille-women-red-solid-sporty-jacket/;0;simple;;"Quáº§n Ã¡o nam|Quáº§n Ã¡o nam > SÆ¡ mi/Thun nam";;;"Vàng bò";1|1|0;L|M|XL|XXL|XXXL;0|1|0
"Áo tay bèo nhún buộc nơ ren phía trước";belle-fille-maroon-hooded-sweatshirt;;1010447;"Cáº£m tháº¥y quyáº¿n rÅ© trong chiáº¿c Ã¡o nÃ y, ÄÆ°á»£c lÃ m tá»« cháº¥t liá»u ren cháº¥t lÆ°á»£ng cao vá»i thiáº¿t káº¿ bÃ¨o nhÃºn, cÃ i phÃ­a trÆ°á»c báº±ng dÃ¢y buá»c vÃ  chi tiáº¿t tay Ã¡o hÃ¬nh á»ng. Phá»i vá»i quáº§n jean xanh, giÃ y cao gÃ³t mÅ©i nhá»n vÃ  phá»¥ kiá»n ÄÆ¡n giáº£n Äá» cÃ³ má»t lá»p hoÃ n thiá»n sang trá»ng hoÃ n háº£o cho nhá»¯ng buá»i tá»i Äi chÆ¡i hoáº·c uá»ng rÆ°á»£u ban ngÃ y. LÃ m sao báº¡n cÃ³ thá» cÆ°á»¡ng láº¡i?";"Ão tay bÃ¨o nhÃºn báº±ng ren cÃ i phÃ­a trÆ°á»c báº±ng dÃ¢y buá»c
Cháº¥t liá»u ren cháº¥t lÆ°á»£ng cao
Thiáº¿t káº¿ tay Ã¡o hÃ¬nh á»ng
CÃ i phÃ­a trÆ°á»c báº±ng dÃ¢y buá»c
Cá»ng thÃªm - NgÆ°á»i máº«u máº·c size 12-14 cá»§a Hoa Ká»³/size 16-18 cá»§a Anh";publish;;0;"2024-10-10 19:19:00";1;open;woo-belle-fille-maroon-hooded-sweatshirt;;;no;no;;392000;;;;;;;;instock;no;no;;no;taxable;;;;;;0;0;;;"http://localhost/p_shop/wp-content/uploads/2024/10/image12019.jpg ! alt :  ! title : image1 (19) ! desc :  ! caption :  | http://localhost/p_shop/wp-content/uploads/2024/10/black-plus-lace-ruffle-tie-front-fluted-sleeve-top-2-scaled.jpg ! alt :  ! title : black-plus-lace-ruffle-tie-front-fluted-sleeve-top (2) ! desc :  ! caption :  | http://localhost/p_shop/wp-content/uploads/2024/10/black-plus-lace-ruffle-tie-front-fluted-sleeve-top-scaled.jpg ! alt :  ! title : black-plus-lace-ruffle-tie-front-fluted-sleeve-top ! desc :  ! caption : ";;http://localhost/p_shop/product/belle-fille-maroon-hooded-sweatshirt/;0;simple;;"Quáº§n Ã¡o ná»¯ > Ão kiá»u / Ão thun|Quáº§n Ã¡o ná»¯";;;Đen;0|1|0;L|M|XL|XXL;1|1|0
"Mũ đen lan";belle-fille-navy-hooded-sweatshirt;;1010448;"HÃ£y tá»± thÆ°á»ng cho mÃ¬nh. Cáº£m tháº¥y thoáº£i mÃ¡i trong chiáº¿c mÅ© len nÃ y, ÄÆ°á»£c lÃ m tá»« cháº¥t liá»u Äan cao cáº¥p vá»i thiáº¿t káº¿ gáº­p láº¡i. ThÃªm chiáº¿c mÅ© len nÃ y vÃ o báº¥t ká»³ phong cÃ¡ch nÃ o Äá» thÃªm pháº§n ná»i báº­t, giÃºp nÃ¢ng táº§m báº¥t ká»³ phong cÃ¡ch nÃ o trong mÃ¹a thá»i tiáº¿t láº¡nh giÃ¡ nÃ y.";"MÅ© len Äan
Cháº¥t liá»u Äan cao cáº¥p
Thiáº¿t káº¿ gáº­p láº¡i
NgÆ°á»i máº«u máº·c size S (size 6 cá»§a Hoa Ká»³/size 10 cá»§a Anh).";publish;;0;"2024-10-10 19:19:00";1;open;woo-belle-fille-navy-hooded-sweatshirt;;;no;no;;75000;;;;;;;;instock;no;no;;no;taxable;;;;;;0;0;;;"http://localhost/p_shop/wp-content/uploads/2024/10/image12020.jpg ! alt :  ! title : image1 (20) ! desc :  ! caption :  | http://localhost/p_shop/wp-content/uploads/2024/10/red-knitted-beanie-1-scaled.jpg ! alt :  ! title : red-knitted-beanie (1) ! desc :  ! caption :  | http://localhost/p_shop/wp-content/uploads/2024/10/red-knitted-beanie-scaled.jpg ! alt :  ! title : red-knitted-beanie ! desc :  ! caption :  | http://localhost/p_shop/wp-content/uploads/2024/10/red-knitted-beanie-2-scaled.jpg ! alt :  ! title : red-knitted-beanie (2) ! desc :  ! caption : ";;http://localhost/p_shop/product/belle-fille-navy-hooded-sweatshirt/;0;simple;;"Phá»¥ kiá»n";;;;;;
"Áo gile denim buộc phía trước";belle-fille-grey-hooded-sweatshirt;;1010450;"Tá»± tin vá»i chiáº¿c Ã¡o gilet nÃ y, ÄÆ°á»£c lÃ m tá»« cháº¥t liá»u denim cao cáº¥p vá»i thiáº¿t káº¿ buá»c dÃ¢y phÃ­a trÆ°á»c, chÃºng tÃ´i bá» Ã¡m áº£nh. Káº¿t há»£p vá»i quáº§n á»ng rá»ng in há»a tiáº¿t Äá»ng váº­t, mÅ© vÃ  ÄÃ´i giÃ y ba lÃª yÃªu thÃ­ch cá»§a báº¡n Äá» cÃ³ váº» ngoÃ i áº¥n tÆ°á»£ng mÃ  báº¡n cÃ³ thá» máº·c vÃ o nhá»¯ng ngÃ y báº­n rá»n khi báº¡n pháº£i cháº¡y viá»c váº·t nhÆ°ng váº«n muá»n cáº£m tháº¥y sang trá»ng.";"Ão gilet denim buá»c dÃ¢y phÃ­a trÆ°á»c
Cháº¥t liá»u denim cao cáº¥p
Thiáº¿t káº¿ buá»c dÃ¢y phÃ­a trÆ°á»c
NgÆ°á»i máº«u máº·c size S (size 6 cá»§a Hoa Ká»³/size 10 cá»§a Anh).";publish;;0;"2024-10-10 19:19:00";1;open;woo-belle-fille-grey-hooded-sweatshirt;;;no;no;;290000;;;;;;;;instock;no;no;;no;taxable;;;;;;0;0;;;"http://localhost/p_shop/wp-content/uploads/2024/10/download-4.jpg ! alt :  ! title : download (4) ! desc :  ! caption :  | http://localhost/p_shop/wp-content/uploads/2024/10/indigo-tie-front-denim-gilet-scaled.jpg ! alt :  ! title : indigo-tie-front-denim-gilet ! desc :  ! caption :  | http://localhost/p_shop/wp-content/uploads/2024/10/indigo-tie-front-denim-gilet-3-scaled.jpg ! alt :  ! title : indigo-tie-front-denim-gilet (3) ! desc :  ! caption :  | http://localhost/p_shop/wp-content/uploads/2024/10/indigo-tie-front-denim-gilet-2-scaled.jpg ! alt :  ! title : indigo-tie-front-denim-gilet (2) ! desc :  ! caption :  | http://localhost/p_shop/wp-content/uploads/2024/10/indigo-tie-front-denim-gilet-1-scaled.jpg ! alt :  ! title : indigo-tie-front-denim-gilet (1) ! desc :  ! caption : ";;http://localhost/p_shop/product/belle-fille-grey-hooded-sweatshirt/;0;simple;;"Quáº§n Ã¡o ná»¯ > Ão khoÃ¡c|Quáº§n Ã¡o ná»¯";;;;;L|M|S|XL|XS|XXL;0|1|0
"Áo hai dây hở lưng ren sequin";belle-fille-black-solid-hooded-sweatshirt;;1010452;"ÄÃ£ Äáº¿n lÃºc pháº£i thay Äá»i. HÃ£y cáº£m tháº¥y gá»£i cáº£m trong chiáº¿c Ã¡o nÃ y, ÄÆ°á»£c lÃ m tá»« cháº¥t liá»u ren sequin cháº¥t lÆ°á»£ng cao vá»i pháº§n lÆ°ng trÃ¹m vÃ  ÄÆ°á»ng viá»n cá» tháº¥p. ChÃºng ta khÃ´ng thá» ngá»«ng máº·c chiáº¿c Ã¡o hai dÃ¢y nÃ y. HÃ£y káº¿t há»£p vá»i quáº§n jean Äen, bá»t cao gÃ³t vÃ  má»t chiáº¿c vÃ²ng cá» báº£n to tháº£ xuá»ng Äá» mang Äáº¿n sá»± áº¥n tÆ°á»£ng cho sá»± kiá»n tiáº¿p theo cá»§a báº¡n. LÃ m sao báº¡n cÃ³ thá» cÆ°á»¡ng láº¡i?.";"Ão hai dÃ¢y ren sequin pháº§n lÆ°ng trÃ¹m
Cháº¥t liá»u ren sequin cháº¥t lÆ°á»£ng cao
Chi tiáº¿t sequin
Thiáº¿t káº¿ pháº§n lÆ°ng trÃ¹m
NgÆ°á»i máº«u máº·c size S (size 6 cá»§a Hoa Ká»³/size 10 cá»§a Anh).";publish;;0;"2024-10-10 19:19:00";1;open;woo-belle-fille-black-solid-hooded-sweatshirt;;;no;no;;398000;;;;;;;;instock;no;no;;no;taxable;;;;;;0;0;;;"http://localhost/p_shop/wp-content/uploads/2024/10/black-sequin-lace-cowl-back-cami-top-1-scaled.jpg ! alt :  ! title : black-sequin-lace-cowl-back-cami-top (1) ! desc :  ! caption :  | http://localhost/p_shop/wp-content/uploads/2024/10/black-sequin-lace-cowl-back-cami-top-2-scaled.jpg ! alt :  ! title : black-sequin-lace-cowl-back-cami-top (2) ! desc :  ! caption :  | http://localhost/p_shop/wp-content/uploads/2024/10/black-sequin-lace-cowl-back-cami-top-scaled.jpg ! alt :  ! title : black-sequin-lace-cowl-back-cami-top ! desc :  ! caption : ";;http://localhost/p_shop/product/belle-fille-black-solid-hooded-sweatshirt/;0;simple;;"Quáº§n Ã¡o ná»¯ > Ão khoÃ¡c|Quáº§n Ã¡o ná»¯";;;;;L|M|S|XL|XS;0|1|0
"Quần Jeans hoa hồng Denim";belle-fille-red-hooded-sweatshirt;;1010453;"Kiá»u dÃ¡ng lÃ m dÃ i chÃ¢n. Tá»± tin vá»i chiáº¿c quáº§n jean nÃ y, ÄÆ°á»£c lÃ m tá»« cháº¥t liá»u denim cao cáº¥p vá»i thiáº¿t káº¿ hotfix hoa há»ng vÃ  cáº¡p cao. Phá»i Äá» vá»i Ã¡o ghi lÃª phÃ¹ há»£p, bá»t tÃ¢y vÃ  phá»¥ kiá»n ÄÆ¡n giáº£n Äá» táº¡o nÃªn má»t bá» trang phá»¥c mÃ  chÃºng ta khÃ´ng thá» rá»i máº¯t trong mÃ¹a nÃ y.";"Quáº§n jean denim Plus Rose Hotfix
Cháº¥t liá»u denim cao cáº¥p
Chi tiáº¿t hotfix hoa há»ng
Thiáº¿t káº¿ cáº¡p cao
Plus- NgÆ°á»i máº«u máº·c size 12-14 cá»§a Hoa Ká»³/size 16-18 cá»§a Anh";publish;;0;"2024-10-10 19:19:00";1;open;woo-belle-fille-red-hooded-sweatshirt;;;no;no;;291000;;;;;;;;instock;no;no;;no;taxable;;;;;;0;0;;;"http://localhost/p_shop/wp-content/uploads/2024/10/image12023.jpg ! alt :  ! title : image1 (23) ! desc :  ! caption :  | http://localhost/p_shop/wp-content/uploads/2024/10/authentic-denim-plus-rose-hotfix-denim-jean-scaled.jpg ! alt :  ! title : authentic denim-plus-rose-hotfix-denim-jean ! desc :  ! caption :  | http://localhost/p_shop/wp-content/uploads/2024/10/authentic-denim-plus-rose-hotfix-denim-jean-1-scaled.jpg ! alt :  ! title : authentic denim-plus-rose-hotfix-denim-jean (1) ! desc :  ! caption :  | http://localhost/p_shop/wp-content/uploads/2024/10/authentic-denim-plus-rose-hotfix-denim-jean-2-scaled.jpg ! alt :  ! title : authentic denim-plus-rose-hotfix-denim-jean (2) ! desc :  ! caption : ";;http://localhost/p_shop/product/belle-fille-red-hooded-sweatshirt/;0;simple;;"Quáº§n Ã¡o ná»¯|Quáº§n Ã¡o ná»¯ > Quáº§n ná»¯";;;;;L|M|XL|XXL|XXXL;0|1|0
"Váy hở vai bằng da giả viền ren lông mi";belle-fille-navy-blue-hooded-jacket;;1010467;"Má»t chÃºt gÃ¬ ÄÃ³ khÃ¡c biá»t. Cáº£m tháº¥y gá»£i cáº£m trong chiáº¿c vÃ¡y nÃ y, ÄÆ°á»£c lÃ m tá»« cháº¥t liá»u da giáº£ cao cáº¥p vá»i thiáº¿t káº¿ viá»n ren mi vÃ  chi tiáº¿t cá» yáº¿m. LÃ m sao báº¡n cÃ³ thá» cÆ°á»¡ng láº¡i? HÃ£y káº¿t há»£p vá»i bá»t cao Äáº¿n Äáº§u gá»i mÃ u Äá» tÃ­a vÃ  nhá»¯ng phá»¥ kiá»n ÄÆ¡n giáº£n Äá» táº¡o Äiá»m nháº¥n hoÃ n háº£o cho nhá»¯ng ngÃ y cuá»i tuáº§n Äi chÆ¡i.";"VÃ¡y yáº¿m da giáº£ viá»n ren mi
Cháº¥t liá»u da giáº£ cao cáº¥p
Thiáº¿t káº¿ viá»n ren mi
Cá» yáº¿m
NgÆ°á»i máº«u máº·c size S (size 6 cá»§a Hoa Ká»³/size 10 cá»§a Anh).";publish;;0;"2024-10-10 19:19:00";1;open;woo-belle-fille-navy-blue-hooded-jacket;;;no;no;;575000;;;;;;;;instock;no;no;;no;taxable;;;;;;0;0;;;"http://localhost/p_shop/wp-content/uploads/2024/10/black-eyelash-lace-trim-faux-leather-halter-dress-1-scaled.jpg ! alt :  ! title : black-eyelash-lace-trim-faux-leather-halter-dress (1) ! desc :  ! caption :  | http://localhost/p_shop/wp-content/uploads/2024/10/download-5.jpg ! alt :  ! title : download (5) ! desc :  ! caption :  | http://localhost/p_shop/wp-content/uploads/2024/10/black-eyelash-lace-trim-faux-leather-halter-dress-scaled.jpg ! alt :  ! title : black-eyelash-lace-trim-faux-leather-halter-dress ! desc :  ! caption :  | http://localhost/p_shop/wp-content/uploads/2024/10/black-eyelash-lace-trim-faux-leather-halter-dress-2-scaled.jpg ! alt :  ! title : black-eyelash-lace-trim-faux-leather-halter-dress (2) ! desc :  ! caption :  | http://localhost/p_shop/wp-content/uploads/2024/10/black-eyelash-lace-trim-faux-leather-halter-dress-3-scaled.jpg ! alt :  ! title : black-eyelash-lace-trim-faux-leather-halter-dress (3) ! desc :  ! caption : ";;http://localhost/p_shop/product/belle-fille-navy-blue-hooded-jacket/;0;simple;;"Quáº§n Ã¡o ná»¯|Quáº§n Ã¡o ná»¯ > VÃ¡y/ Äáº§m";;;;;L|M|S|XL|XS;0|1|0
"Belle Fille Black Hooded Jacket";belle-fille-black-hooded-jacket;;1010476;"Pellentesque habitant morbi tristique senectus et netus et malesuada fames ac turpis egestas. Vestibulum tortor quam, feugiat vitae, ultricies eget, tempor sit amet, ante. Donec eu libero sit amet quam egestas semper. Aenean ultricies mi vitae est. Mauris placerat eleifend leo.";"This is a simple product.";publish;;0;"2024-10-10 19:19:00";1;open;woo-belle-fille-black-hooded-jacket;;;no;no;;4727;;;;;;;;instock;no;no;;no;taxable;;;;;;0;0;;;"http://localhost/p_shop/wp-content/uploads/2024/10/473Wx593H-461673336-black-MODEL.avif ! alt :  ! title : -473Wx593H-461673336-black-MODEL ! desc :  ! caption :  | http://localhost/p_shop/wp-content/uploads/2024/10/473Wx593H-466774665-black-MODEL6.avif ! alt :  ! title : -473Wx593H-466774665-black-MODEL6 ! desc :  ! caption : ";;http://localhost/p_shop/product/belle-fille-black-hooded-jacket/;0;simple;;"Quáº§n Ã¡o ná»¯";;;;;;
"Belle Fille Navy Hooded Jacket";belle-fille-navy-hooded-jacket;;1010478;"Pellentesque habitant morbi tristique senectus et netus et malesuada fames ac turpis egestas. Vestibulum tortor quam, feugiat vitae, ultricies eget, tempor sit amet, ante. Donec eu libero sit amet quam egestas semper. Aenean ultricies mi vitae est. Mauris placerat eleifend leo.";"This is a simple product.";publish;;0;"2024-10-10 19:19:00";1;open;woo-belle-fille-navy-hooded-jacket;;;no;no;;4370;;;;;;;;instock;no;no;;no;taxable;;;;;;0;0;;;"http://localhost/p_shop/wp-content/uploads/2024/10/image12026.jpg ! alt :  ! title : image1 (26) ! desc :  ! caption : ";;http://localhost/p_shop/product/belle-fille-navy-hooded-jacket/;0;simple;;"Quáº§n Ã¡o ná»¯";;;;;;
"Belle Fille Green Hooded Jacket";belle-fille-green-hooded-jacket;;1010483;"Pellentesque habitant morbi tristique senectus et netus et malesuada fames ac turpis egestas. Vestibulum tortor quam, feugiat vitae, ultricies eget, tempor sit amet, ante. Donec eu libero sit amet quam egestas semper. Aenean ultricies mi vitae est. Mauris placerat eleifend leo.";"This is a simple product.";publish;;0;"2024-10-10 19:19:00";1;open;woo-belle-fille-green-hooded-jacket;;;no;no;;4662;;;;;;;;instock;no;no;;no;taxable;;;;;;0;0;;;"http://localhost/p_shop/wp-content/uploads/2024/10/c1912a37-3511-4574-b145-b711b6cced4c1565253094403-Belle-Fille-Women-Sea-Green-Solid-Lightweight-Tailored-Hoode-1.jpg ! alt :  ! title : c1912a37-3511-4574-b145-b711b6cced4c1565253094403-Belle-Fille-Women-Sea-Green-Solid-Lightweight-Tailored-Hoode-1 ! desc :  ! caption :  | http://localhost/p_shop/wp-content/uploads/2024/10/BFJT80595_GREEN_alt1.webp ! alt :  ! title : BFJT80595_GREEN_alt1 ! desc :  ! caption : ";;http://localhost/p_shop/product/belle-fille-green-hooded-jacket/;0;simple;;"Quáº§n Ã¡o ná»¯";;;;;;
"SELECTED Black Skinny Jeans";selected-black-skinny-jeans;;1010498;"Pellentesque habitant morbi tristique senectus et netus et malesuada fames ac turpis egestas. Vestibulum tortor quam, feugiat vitae, ultricies eget, tempor sit amet, ante. Donec eu libero sit amet quam egestas semper. Aenean ultricies mi vitae est. Mauris placerat eleifend leo.";"This is a simple product.";publish;;0;"2024-10-10 19:19:00";1;open;woo-selected-black-skinny-jeans;;;no;no;;4573;;;;;;;;instock;no;no;;no;taxable;;;;;;0;0;;;"http://localhost/p_shop/wp-content/uploads/2024/10/image12028.jpg ! alt :  ! title : image1 (28) ! desc :  ! caption : ";;http://localhost/p_shop/product/selected-black-skinny-jeans/;0;simple;;"Quáº§n Ã¡o ná»¯";;;;;;
"SELECTED Blue Slim Fit Jeans";selected-blue-slim-fit-jeans;;1010500;"Pellentesque habitant morbi tristique senectus et netus et malesuada fames ac turpis egestas. Vestibulum tortor quam, feugiat vitae, ultricies eget, tempor sit amet, ante. Donec eu libero sit amet quam egestas semper. Aenean ultricies mi vitae est. Mauris placerat eleifend leo.";"This is a simple product.";publish;;0;"2024-10-10 19:19:00";1;open;woo-selected-blue-slim-fit-jeans;;;no;no;;6029;;;;;;;;instock;no;no;;no;taxable;;;;;;0;0;;;"http://localhost/p_shop/wp-content/uploads/2024/10/image12029.jpg ! alt :  ! title : image1 (29) ! desc :  ! caption : ";;http://localhost/p_shop/product/selected-blue-slim-fit-jeans/;0;simple;;"Quáº§n Ã¡o ná»¯";;;;;;
"SELECTED Blue Slim Casual Shirt";selected-blue-slim-casual-shirt;;1010508;"Pellentesque habitant morbi tristique senectus et netus et malesuada fames ac turpis egestas. Vestibulum tortor quam, feugiat vitae, ultricies eget, tempor sit amet, ante. Donec eu libero sit amet quam egestas semper. Aenean ultricies mi vitae est. Mauris placerat eleifend leo.";"This is a simple product.";publish;;0;"2024-10-10 19:19:00";1;open;woo-selected-blue-slim-casual-shirt;;;no;no;;4183;;;;;;;;instock;no;no;;no;taxable;;;;;;0;0;;;"http://localhost/p_shop/wp-content/uploads/2024/10/image12030.jpg ! alt :  ! title : image1 (30) ! desc :  ! caption : ";;http://localhost/p_shop/product/selected-blue-slim-casual-shirt/;0;simple;;"Quáº§n Ã¡o ná»¯";;;;;;
"V Dot by Van Heusen Black & Maroon Regular Fit Party Suit";v-dot-by-van-heusen-black-maroon-regular-fit-party-suit;;1010542;"Pellentesque habitant morbi tristique senectus et netus et malesuada fames ac turpis egestas. Vestibulum tortor quam, feugiat vitae, ultricies eget, tempor sit amet, ante. Donec eu libero sit amet quam egestas semper. Aenean ultricies mi vitae est. Mauris placerat eleifend leo.";"This is a simple product.";publish;;0;"2024-10-10 19:19:00";1;open;woo-v-dot-by-van-heusen-black-&-maroon-regular-fit-party-suit;;;no;no;;4575;;;;;;;;instock;no;no;;no;taxable;;;;;;0;0;;;"http://localhost/p_shop/wp-content/uploads/2024/10/image12031.jpg ! alt :  ! title : image1 (31) ! desc :  ! caption : ";;http://localhost/p_shop/product/v-dot-by-van-heusen-black-maroon-regular-fit-party-suit/;0;simple;;"Quáº§n Ã¡o ná»¯";;;;;;
"V Dot by Van Heusen Navy Single-Breasted Formal Suit";v-dot-by-van-heusen-navy-single-breasted-formal-suit;;1010546;"Pellentesque habitant morbi tristique senectus et netus et malesuada fames ac turpis egestas. Vestibulum tortor quam, feugiat vitae, ultricies eget, tempor sit amet, ante. Donec eu libero sit amet quam egestas semper. Aenean ultricies mi vitae est. Mauris placerat eleifend leo.";"This is a simple product.";publish;;0;"2024-10-10 19:19:00";1;open;woo-v-dot-by-van-heusen-navy-single-breasted-formal-suit;;;no;no;;4733;;;;;;;;instock;no;no;;no;taxable;;;;;;0;0;;;"http://localhost/p_shop/wp-content/uploads/2024/10/43419016-56d7-4aa3-853c-cd504ec178ea1696998893819-Van-Heusen-Woman-Women-Blazers-761696998893347-1.jpg ! alt :  ! title : 43419016-56d7-4aa3-853c-cd504ec178ea1696998893819-Van-Heusen-Woman-Women-Blazers-761696998893347-1 ! desc :  ! caption :  | http://localhost/p_shop/wp-content/uploads/2024/10/onWtx0Ko_412f34d9467d4ae8ac9aebd3819947e3.jpg ! alt :  ! title : onWtx0Ko_412f34d9467d4ae8ac9aebd3819947e3 ! desc :  ! caption : ";;http://localhost/p_shop/product/v-dot-by-van-heusen-navy-single-breasted-formal-suit/;0;simple;;"Quáº§n Ã¡o ná»¯|Quáº§n Ã¡o ná»¯ > Vest";;;;;;
"Van Heusen Navy Single-Breasted Slim Formal Suit";van-heusen-navy-single-breasted-slim-formal-suit;;1010554;"Pellentesque habitant morbi tristique senectus et netus et malesuada fames ac turpis egestas. Vestibulum tortor quam, feugiat vitae, ultricies eget, tempor sit amet, ante. Donec eu libero sit amet quam egestas semper. Aenean ultricies mi vitae est. Mauris placerat eleifend leo.";"This is a simple product.";publish;;0;"2024-10-10 19:19:00";1;open;woo-van-heusen-navy-single-breasted-slim-formal-suit;;;no;no;;4436;;;;;;;;instock;no;no;;no;taxable;;;;;;0;0;;;"http://localhost/p_shop/wp-content/uploads/2024/10/image12033.jpg ! alt :  ! title : image1 (33) ! desc :  ! caption : ";;http://localhost/p_shop/product/van-heusen-navy-single-breasted-slim-formal-suit/;0;simple;;"Quáº§n Ã¡o ná»¯";;;;;;
"Harpa Grey Top";harpa-grey-top;;1010627;"Pellentesque habitant morbi tristique senectus et netus et malesuada fames ac turpis egestas. Vestibulum tortor quam, feugiat vitae, ultricies eget, tempor sit amet, ante. Donec eu libero sit amet quam egestas semper. Aenean ultricies mi vitae est. Mauris placerat eleifend leo.";"This is a simple product.";publish;;0;"2024-10-10 19:19:00";1;open;woo-harpa-grey-top;;;no;no;;5337;;;;;;;;instock;no;no;;no;taxable;;;;;;0;0;;;"http://localhost/p_shop/wp-content/uploads/2024/10/image12034.jpg ! alt :  ! title : image1 (34) ! desc :  ! caption : ";;http://localhost/p_shop/product/harpa-grey-top/;0;simple;;"Quáº§n Ã¡o ná»¯";;;;;;
"Moda Rapido Black & Teal Blue T-shirt";moda-rapido-black-teal-blue-t-shirt;;1010682;"Pellentesque habitant morbi tristique senectus et netus et malesuada fames ac turpis egestas. Vestibulum tortor quam, feugiat vitae, ultricies eget, tempor sit amet, ante. Donec eu libero sit amet quam egestas semper. Aenean ultricies mi vitae est. Mauris placerat eleifend leo.";"This is a simple product.";publish;;0;"2024-10-10 19:19:00";1;open;woo-moda-rapido-black-&-teal-blue-t-shirt;;;no;no;;5684;;;;;;;;instock;no;no;;no;taxable;;;;;;0;0;;;"http://localhost/p_shop/wp-content/uploads/2024/10/image12035.jpg ! alt :  ! title : image1 (35) ! desc :  ! caption : ";;http://localhost/p_shop/product/moda-rapido-black-teal-blue-t-shirt/;0;simple;;"Quáº§n Ã¡o ná»¯";;;;;;
"Moda Rapido Navy & White Striped T-shirt";moda-rapido-navy-white-striped-t-shirt;;1010692;"Pellentesque habitant morbi tristique senectus et netus et malesuada fames ac turpis egestas. Vestibulum tortor quam, feugiat vitae, ultricies eget, tempor sit amet, ante. Donec eu libero sit amet quam egestas semper. Aenean ultricies mi vitae est. Mauris placerat eleifend leo.";"This is a simple product.";publish;;0;"2024-10-10 19:19:00";1;open;woo-moda-rapido-navy-&-white-striped-t-shirt;;;no;no;;5146;;;;;;;;instock;no;no;;no;taxable;;;;;;0;0;;;"http://localhost/p_shop/wp-content/uploads/2024/10/image12036.jpg ! alt :  ! title : image1 (36) ! desc :  ! caption : ";;http://localhost/p_shop/product/moda-rapido-navy-white-striped-t-shirt/;0;simple;;"Quáº§n Ã¡o ná»¯";;;;;;
"Jack & Jones Red & Navy Checked Casual Shirt";jack-jones-red-navy-checked-casual-shirt;;1010941;"Pellentesque habitant morbi tristique senectus et netus et malesuada fames ac turpis egestas. Vestibulum tortor quam, feugiat vitae, ultricies eget, tempor sit amet, ante. Donec eu libero sit amet quam egestas semper. Aenean ultricies mi vitae est. Mauris placerat eleifend leo.";"This is a simple product.";publish;;0;"2024-10-10 19:19:00";1;open;woo-jack-&-jones-red-&-navy-checked-casual-shirt;;;no;no;;5225;;;;;;;;instock;no;no;;no;taxable;;;;;;0;0;;;"http://localhost/p_shop/wp-content/uploads/2024/10/image12037.jpg ! alt :  ! title : image1 (37) ! desc :  ! caption : ";;http://localhost/p_shop/product/jack-jones-red-navy-checked-casual-shirt/;0;simple;;"Quáº§n Ã¡o ná»¯";;;;;;
"Jack & Jones Men Blue Solid Sweater";jack-jones-men-blue-solid-sweater;;1010960;"Pellentesque habitant morbi tristique senectus et netus et malesuada fames ac turpis egestas. Vestibulum tortor quam, feugiat vitae, ultricies eget, tempor sit amet, ante. Donec eu libero sit amet quam egestas semper. Aenean ultricies mi vitae est. Mauris placerat eleifend leo.";"This is a simple product.";publish;;0;"2024-10-10 19:19:00";1;open;woo-jack-&-jones-men-blue-solid-sweater;;;no;no;;5219;;;;;;;;instock;no;no;;no;taxable;;;;;;0;0;;;"http://localhost/p_shop/wp-content/uploads/2024/10/image2206.jpg ! alt :  ! title : image2 (6) ! desc :  ! caption : ";;http://localhost/p_shop/product/jack-jones-men-blue-solid-sweater/;0;simple;;"Quáº§n Ã¡o nam";;;;;;
"Kappa Off-White Melange Polo T-shirt";kappa-off-white-melange-polo-t-shirt;;1011484;"Pellentesque habitant morbi tristique senectus et netus et malesuada fames ac turpis egestas. Vestibulum tortor quam, feugiat vitae, ultricies eget, tempor sit amet, ante. Donec eu libero sit amet quam egestas semper. Aenean ultricies mi vitae est. Mauris placerat eleifend leo.";"This is a simple product.";publish;;0;"2024-10-10 19:19:00";1;open;woo-kappa-off-white-melange-polo-t-shirt;;;no;no;;5788;;;;;;;;instock;no;no;;no;taxable;;;;;;0;0;;;;;http://localhost/p_shop/product/kappa-off-white-melange-polo-t-shirt/;0;simple;;"Tráº» em";;;;;;
"Kappa Men Turquoise Blue Solid Polo T-shirt";kappa-men-turquoise-blue-solid-polo-t-shirt;;1011488;"Pellentesque habitant morbi tristique senectus et netus et malesuada fames ac turpis egestas. Vestibulum tortor quam, feugiat vitae, ultricies eget, tempor sit amet, ante. Donec eu libero sit amet quam egestas semper. Aenean ultricies mi vitae est. Mauris placerat eleifend leo.";"This is a simple product.";publish;;0;"2024-10-10 19:19:00";1;open;woo-kappa-men-turquoise-blue-solid-polo-t-shirt;;;no;no;;5662;;;;;;;;instock;no;no;;no;taxable;;;;;;0;0;;;"http://localhost/p_shop/wp-content/uploads/2024/10/image2207.jpg ! alt :  ! title : image2 (7) ! desc :  ! caption : ";;http://localhost/p_shop/product/kappa-men-turquoise-blue-solid-polo-t-shirt/;0;simple;;"Quáº§n Ã¡o nam";;;;;;
"Melange by Lifestyle Off-White Churidar";melange-by-lifestyle-off-white-churidar;;1011624;"Pellentesque habitant morbi tristique senectus et netus et malesuada fames ac turpis egestas. Vestibulum tortor quam, feugiat vitae, ultricies eget, tempor sit amet, ante. Donec eu libero sit amet quam egestas semper. Aenean ultricies mi vitae est. Mauris placerat eleifend leo.";"This is a simple product.";publish;;0;"2024-10-10 19:19:00";1;open;woo-melange-by-lifestyle-off-white-churidar;;;no;no;;5859;;;;;;;;instock;no;no;;no;taxable;;;;;;0;0;;;;;http://localhost/p_shop/product/melange-by-lifestyle-off-white-churidar/;0;simple;;"Tráº» em";;;;;;
"Melange by Lifestyle White Churidar";melange-by-lifestyle-white-churidar;;1011625;"Pellentesque habitant morbi tristique senectus et netus et malesuada fames ac turpis egestas. Vestibulum tortor quam, feugiat vitae, ultricies eget, tempor sit amet, ante. Donec eu libero sit amet quam egestas semper. Aenean ultricies mi vitae est. Mauris placerat eleifend leo.";"This is a simple product.";publish;;0;"2024-10-10 19:19:00";1;open;woo-melange-by-lifestyle-white-churidar;;;no;no;;5714;;;;;;;;instock;no;no;;no;taxable;;;;;;0;0;;;;;http://localhost/p_shop/product/melange-by-lifestyle-white-churidar/;0;simple;;"Tráº» em";;;;;;
"Kappa Grey Melange Shorts";kappa-grey-melange-shorts;;1011672;"Pellentesque habitant morbi tristique senectus et netus et malesuada fames ac turpis egestas. Vestibulum tortor quam, feugiat vitae, ultricies eget, tempor sit amet, ante. Donec eu libero sit amet quam egestas semper. Aenean ultricies mi vitae est. Mauris placerat eleifend leo.";"This is a simple product.";publish;;0;"2024-10-10 19:19:00";1;open;woo-kappa-grey-melange-shorts;;;no;no;;5919;;;;;;;;instock;no;no;;no;taxable;;;;;;0;0;;;;;http://localhost/p_shop/product/kappa-grey-melange-shorts/;0;simple;;"Tráº» em";;;;;;
"Kappa Navy Shorts";kappa-navy-shorts;;1011679;"Pellentesque habitant morbi tristique senectus et netus et malesuada fames ac turpis egestas. Vestibulum tortor quam, feugiat vitae, ultricies eget, tempor sit amet, ante. Donec eu libero sit amet quam egestas semper. Aenean ultricies mi vitae est. Mauris placerat eleifend leo.";"This is a simple product.";publish;;0;"2024-10-10 19:19:00";1;open;woo-kappa-navy-shorts;;;no;no;;5388;;;;;;;;instock;no;no;;no;taxable;;;;;;0;0;;;;;http://localhost/p_shop/product/kappa-navy-shorts/;0;simple;;"Tráº» em";;;;;;
"SUITLTD Black Single-Breasted Blazer";suitltd-black-single-breasted-blazer;;1012708;"Pellentesque habitant morbi tristique senectus et netus et malesuada fames ac turpis egestas. Vestibulum tortor quam, feugiat vitae, ultricies eget, tempor sit amet, ante. Donec eu libero sit amet quam egestas semper. Aenean ultricies mi vitae est. Mauris placerat eleifend leo.";"This is a simple product.";publish;;0;"2024-10-10 19:19:00";1;open;woo-suitltd-black-single-breasted-blazer;;;no;no;;5481;;;;;;;;instock;no;no;;no;taxable;;;;;;0;0;;;;;http://localhost/p_shop/product/suitltd-black-single-breasted-blazer/;0;simple;;"Tráº» em";;;;;;
"SUITLTD Grey Waistcoat";suitltd-grey-waistcoat;;1012779;"Pellentesque habitant morbi tristique senectus et netus et malesuada fames ac turpis egestas. Vestibulum tortor quam, feugiat vitae, ultricies eget, tempor sit amet, ante. Donec eu libero sit amet quam egestas semper. Aenean ultricies mi vitae est. Mauris placerat eleifend leo.";"This is a simple product.";publish;;0;"2024-10-10 19:19:00";1;open;woo-suitltd-grey-waistcoat;;;no;no;;5285;;;;;;;;instock;no;no;;no;taxable;;;;;;0;0;;;;;http://localhost/p_shop/product/suitltd-grey-waistcoat/;0;simple;;"Tráº» em";;;;;;
"Metro Women Brown Wedges";metro-women-brown-wedges;;1013659;"Pellentesque habitant morbi tristique senectus et netus et malesuada fames ac turpis egestas. Vestibulum tortor quam, feugiat vitae, ultricies eget, tempor sit amet, ante. Donec eu libero sit amet quam egestas semper. Aenean ultricies mi vitae est. Mauris placerat eleifend leo.";"This is a simple product.";publish;;0;"2024-10-10 19:19:00";1;open;woo-metro-women-brown-wedges;;;no;no;;6707;;;;;;;;instock;no;no;;no;taxable;;;;;;0;0;;;"http://localhost/p_shop/wp-content/uploads/2024/10/image2208.jpg ! alt :  ! title : image2 (8) ! desc :  ! caption : ";;http://localhost/p_shop/product/metro-women-brown-wedges/;0;simple;;"Quáº§n Ã¡o nam";;;;;;
"Ed Hardy Grey Printed Jacket";ed-hardy-grey-printed-jacket;;1013848;"Pellentesque habitant morbi tristique senectus et netus et malesuada fames ac turpis egestas. Vestibulum tortor quam, feugiat vitae, ultricies eget, tempor sit amet, ante. Donec eu libero sit amet quam egestas semper. Aenean ultricies mi vitae est. Mauris placerat eleifend leo.";"This is a simple product.";publish;;0;"2024-10-10 19:19:00";1;open;woo-ed-hardy-grey-printed-jacket;;;no;no;;6173;;;;;;;;instock;no;no;;no;taxable;;;;;;0;0;;;;;http://localhost/p_shop/product/ed-hardy-grey-printed-jacket/;0;simple;;"Tráº» em";;;;;;
"Ed Hardy Men Black Solid Bomber Jacket";ed-hardy-men-black-solid-bomber-jacket;;1013851;"Pellentesque habitant morbi tristique senectus et netus et malesuada fames ac turpis egestas. Vestibulum tortor quam, feugiat vitae, ultricies eget, tempor sit amet, ante. Donec eu libero sit amet quam egestas semper. Aenean ultricies mi vitae est. Mauris placerat eleifend leo.";"This is a simple product.";publish;;0;"2024-10-10 19:19:00";1;open;woo-ed-hardy-men-black-solid-bomber-jacket;;;no;no;;6488;;;;;;;;instock;no;no;;no;taxable;;;;;;0;0;;;"http://localhost/p_shop/wp-content/uploads/2024/10/image2209.webp ! alt :  ! title : image2 (9) ! desc :  ! caption : ";;http://localhost/p_shop/product/ed-hardy-men-black-solid-bomber-jacket/;0;simple;;"Quáº§n Ã¡o nam";;;;;;
"Ed Hardy Blue Slim Fit Stretchable Jeans";ed-hardy-blue-slim-fit-stretchable-jeans;;1013864;"Pellentesque habitant morbi tristique senectus et netus et malesuada fames ac turpis egestas. Vestibulum tortor quam, feugiat vitae, ultricies eget, tempor sit amet, ante. Donec eu libero sit amet quam egestas semper. Aenean ultricies mi vitae est. Mauris placerat eleifend leo.";"This is a simple product.";publish;;0;"2024-10-10 19:19:00";1;open;woo-ed-hardy-blue-slim-fit-stretchable-jeans;;;no;no;;6536;;;;;;;;instock;no;no;;no;taxable;;;;;;0;0;;;;;http://localhost/p_shop/product/ed-hardy-blue-slim-fit-stretchable-jeans/;0;simple;;"Quáº§n Ã¡o ná»¯";;;;;;
"Ed Hardy Blue Super Slim Fit Jeans";ed-hardy-blue-super-slim-fit-jeans;;1013866;"Pellentesque habitant morbi tristique senectus et netus et malesuada fames ac turpis egestas. Vestibulum tortor quam, feugiat vitae, ultricies eget, tempor sit amet, ante. Donec eu libero sit amet quam egestas semper. Aenean ultricies mi vitae est. Mauris placerat eleifend leo.";"This is a simple product.";publish;;0;"2024-10-10 19:19:00";1;open;woo-ed-hardy-blue-super-slim-fit-jeans;;;no;no;;6528;;;;;;;;instock;no;no;;no;taxable;;;;;;0;0;;;;;http://localhost/p_shop/product/ed-hardy-blue-super-slim-fit-jeans/;0;simple;;"Quáº§n Ã¡o ná»¯";;;;;;
"Ed Hardy Grey Printed Sweater";ed-hardy-grey-printed-sweater;;1013891;"Pellentesque habitant morbi tristique senectus et netus et malesuada fames ac turpis egestas. Vestibulum tortor quam, feugiat vitae, ultricies eget, tempor sit amet, ante. Donec eu libero sit amet quam egestas semper. Aenean ultricies mi vitae est. Mauris placerat eleifend leo.";"This is a simple product.";publish;;0;"2024-10-10 19:19:00";1;open;woo-ed-hardy-grey-printed-sweater;;;no;no;;6203;;;;;;;;instock;no;no;;no;taxable;;;;;;0;0;;;;;http://localhost/p_shop/product/ed-hardy-grey-printed-sweater/;0;simple;;"Quáº§n Ã¡o ná»¯";;;;;;
"Ed Hardy Green Hooded Sweatshirt";ed-hardy-green-hooded-sweatshirt;;1013899;"Pellentesque habitant morbi tristique senectus et netus et malesuada fames ac turpis egestas. Vestibulum tortor quam, feugiat vitae, ultricies eget, tempor sit amet, ante. Donec eu libero sit amet quam egestas semper. Aenean ultricies mi vitae est. Mauris placerat eleifend leo.";"This is a simple product.";publish;;0;"2024-10-10 19:19:00";1;open;woo-ed-hardy-green-hooded-sweatshirt;;;no;no;;6762;;;;;;;;instock;no;no;;no;taxable;;;;;;0;0;;;;;http://localhost/p_shop/product/ed-hardy-green-hooded-sweatshirt/;0;simple;;"Quáº§n Ã¡o ná»¯";;;;;;
"Ed Hardy Charcoal Grey Printed Hooded Sweatshirt";ed-hardy-charcoal-grey-printed-hooded-sweatshirt;;1013904;"Pellentesque habitant morbi tristique senectus et netus et malesuada fames ac turpis egestas. Vestibulum tortor quam, feugiat vitae, ultricies eget, tempor sit amet, ante. Donec eu libero sit amet quam egestas semper. Aenean ultricies mi vitae est. Mauris placerat eleifend leo.";"This is a simple product.";publish;;0;"2024-10-10 19:19:00";1;open;woo-ed-hardy-charcoal-grey-printed-hooded-sweatshirt;;;no;no;;6325;;;;;;;;instock;no;no;;no;taxable;;;;;;0;0;;;;;http://localhost/p_shop/product/ed-hardy-charcoal-grey-printed-hooded-sweatshirt/;0;simple;;"Quáº§n Ã¡o ná»¯";;;;;;
"Annabelle by Pantaloons Orange Sheath Dress";annabelle-by-pantaloons-orange-sheath-dress;;1014042;"Pellentesque habitant morbi tristique senectus et netus et malesuada fames ac turpis egestas. Vestibulum tortor quam, feugiat vitae, ultricies eget, tempor sit amet, ante. Donec eu libero sit amet quam egestas semper. Aenean ultricies mi vitae est. Mauris placerat eleifend leo.";"This is a simple product.";publish;;0;"2024-10-10 19:19:00";1;open;woo-annabelle-by-pantaloons-orange-sheath-dress;;;no;no;;6748;;;;;;;;instock;no;no;;no;taxable;;;;;;0;0;;;;;http://localhost/p_shop/product/annabelle-by-pantaloons-orange-sheath-dress/;0;simple;;"Quáº§n Ã¡o ná»¯";;;;;;
"Annabelle by Pantaloons Cream-Coloured Top";annabelle-by-pantaloons-cream-coloured-top;;1014075;"Pellentesque habitant morbi tristique senectus et netus et malesuada fames ac turpis egestas. Vestibulum tortor quam, feugiat vitae, ultricies eget, tempor sit amet, ante. Donec eu libero sit amet quam egestas semper. Aenean ultricies mi vitae est. Mauris placerat eleifend leo.";"This is a simple product.";publish;;0;"2024-10-10 19:19:00";1;open;woo-annabelle-by-pantaloons-cream-coloured-top;;;no;no;;6629;;;;;;;;instock;no;no;;no;taxable;;;;;;0;0;;;;;http://localhost/p_shop/product/annabelle-by-pantaloons-cream-coloured-top/;0;simple;;"Quáº§n Ã¡o ná»¯";;;;;;
"Honey by Pantaloons Coral Orange Textured Top";honey-by-pantaloons-coral-orange-textured-top;;1014078;"Pellentesque habitant morbi tristique senectus et netus et malesuada fames ac turpis egestas. Vestibulum tortor quam, feugiat vitae, ultricies eget, tempor sit amet, ante. Donec eu libero sit amet quam egestas semper. Aenean ultricies mi vitae est. Mauris placerat eleifend leo.";"This is a simple product.";publish;;0;"2024-10-10 19:19:00";1;open;woo-honey-by-pantaloons-coral-orange-textured-top;;;no;no;;7001;;;;;;;;instock;no;no;;no;taxable;;;;;;0;0;;;;;http://localhost/p_shop/product/honey-by-pantaloons-coral-orange-textured-top/;0;simple;;"Quáº§n Ã¡o ná»¯";;;;;;
"Yellow Jeans Navy Liquid Fit Casual Shirt";yellow-jeans-navy-liquid-fit-casual-shirt;;1014684;"Pellentesque habitant morbi tristique senectus et netus et malesuada fames ac turpis egestas. Vestibulum tortor quam, feugiat vitae, ultricies eget, tempor sit amet, ante. Donec eu libero sit amet quam egestas semper. Aenean ultricies mi vitae est. Mauris placerat eleifend leo.";"This is a simple product.";publish;;0;"2024-10-10 19:19:00";1;open;woo-yellow-jeans-navy-liquid-fit-casual-shirt;;;no;no;;6690;;;;;;;;instock;no;no;;no;taxable;;;;;;0;0;;;;;http://localhost/p_shop/product/yellow-jeans-navy-liquid-fit-casual-shirt/;0;simple;;"Quáº§n Ã¡o ná»¯";;;;;;
"Freehand Black Printed Corduroy Casual Shirt";freehand-black-printed-corduroy-casual-shirt;;1014798;"Pellentesque habitant morbi tristique senectus et netus et malesuada fames ac turpis egestas. Vestibulum tortor quam, feugiat vitae, ultricies eget, tempor sit amet, ante. Donec eu libero sit amet quam egestas semper. Aenean ultricies mi vitae est. Mauris placerat eleifend leo.";"This is a simple product.";publish;;0;"2024-10-10 19:19:00";1;open;woo-freehand-black-printed-corduroy-casual-shirt;;;no;no;;6659;;;;;;;;instock;no;no;;no;taxable;;;;;;0;0;;;;;http://localhost/p_shop/product/freehand-black-printed-corduroy-casual-shirt/;0;simple;;"Quáº§n Ã¡o ná»¯";;;;;;
"Freehand Navy Printed Slim Fit Casual Shirt";freehand-navy-printed-slim-fit-casual-shirt;;1014818;"Pellentesque habitant morbi tristique senectus et netus et malesuada fames ac turpis egestas. Vestibulum tortor quam, feugiat vitae, ultricies eget, tempor sit amet, ante. Donec eu libero sit amet quam egestas semper. Aenean ultricies mi vitae est. Mauris placerat eleifend leo.";"This is a simple product.";publish;;0;"2024-10-10 19:19:00";1;open;woo-freehand-navy-printed-slim-fit-casual-shirt;;;no;no;;6360;;;;;;;;instock;no;no;;no;taxable;;;;;;0;0;;;;;http://localhost/p_shop/product/freehand-navy-printed-slim-fit-casual-shirt/;0;simple;;"Quáº§n Ã¡o ná»¯";;;;;;
"Freehand Black Printed Slim Fit Casual Shirt";freehand-black-printed-slim-fit-casual-shirt;;1014825;"Pellentesque habitant morbi tristique senectus et netus et malesuada fames ac turpis egestas. Vestibulum tortor quam, feugiat vitae, ultricies eget, tempor sit amet, ante. Donec eu libero sit amet quam egestas semper. Aenean ultricies mi vitae est. Mauris placerat eleifend leo.";"This is a simple product.";publish;;0;"2024-10-10 19:19:00";1;open;woo-freehand-black-printed-slim-fit-casual-shirt;;;no;no;;6624;;;;;;;;instock;no;no;;no;taxable;;;;;;0;0;;;;;http://localhost/p_shop/product/freehand-black-printed-slim-fit-casual-shirt/;0;simple;;"Quáº§n Ã¡o ná»¯";;;;;;
"Freehand White Printed Slim Fit Casual Shirt";freehand-white-printed-slim-fit-casual-shirt;;1014828;"Pellentesque habitant morbi tristique senectus et netus et malesuada fames ac turpis egestas. Vestibulum tortor quam, feugiat vitae, ultricies eget, tempor sit amet, ante. Donec eu libero sit amet quam egestas semper. Aenean ultricies mi vitae est. Mauris placerat eleifend leo.";"This is a simple product.";publish;;0;"2024-10-10 19:19:00";1;open;woo-freehand-white-printed-slim-fit-casual-shirt;;;no;no;;6172;;;;;;;;instock;no;no;;no;taxable;;;;;;0;0;;;;;http://localhost/p_shop/product/freehand-white-printed-slim-fit-casual-shirt/;0;simple;;"Quáº§n Ã¡o ná»¯";;;;;;
"Soludos Men Navy Espadrilles";soludos-men-navy-espadrilles;;1014909;"Pellentesque habitant morbi tristique senectus et netus et malesuada fames ac turpis egestas. Vestibulum tortor quam, feugiat vitae, ultricies eget, tempor sit amet, ante. Donec eu libero sit amet quam egestas semper. Aenean ultricies mi vitae est. Mauris placerat eleifend leo.";"This is a simple product.";publish;;0;"2024-10-10 19:19:00";1;open;woo-soludos-men-navy-espadrilles;;;no;no;;6766;;;;;;;;instock;no;no;;no;taxable;;;;;;0;0;;;"http://localhost/p_shop/wp-content/uploads/2024/10/image22013.jpg ! alt :  ! title : image2 (13) ! desc :  ! caption : ";;http://localhost/p_shop/product/soludos-men-navy-espadrilles/;0;simple;;"Quáº§n Ã¡o nam";;;;;;
"Vero Moda Blue Checked Tunic Shirt";vero-moda-blue-checked-tunic-shirt;;1015416;"Pellentesque habitant morbi tristique senectus et netus et malesuada fames ac turpis egestas. Vestibulum tortor quam, feugiat vitae, ultricies eget, tempor sit amet, ante. Donec eu libero sit amet quam egestas semper. Aenean ultricies mi vitae est. Mauris placerat eleifend leo.";"This is a simple product.";publish;;0;"2024-10-10 19:19:00";1;open;woo-vero-moda-blue-checked-tunic-shirt;;;no;no;;7060;;;;;;;;instock;no;no;;no;taxable;;;;;;0;0;;;;;http://localhost/p_shop/product/vero-moda-blue-checked-tunic-shirt/;0;simple;;"Tráº» em";;;;;;
"Metro Women Gold-Toned Woven Design Mules";metro-women-gold-toned-woven-design-mules;;10063723;"Pellentesque habitant morbi tristique senectus et netus et malesuada fames ac turpis egestas. Vestibulum tortor quam, feugiat vitae, ultricies eget, tempor sit amet, ante. Donec eu libero sit amet quam egestas semper. Aenean ultricies mi vitae est. Mauris placerat eleifend leo.";"This is a simple product.";publish;;0;"2024-10-10 19:19:00";1;open;woo-metro-women-gold-toned-woven-design-mules;;;no;no;;4239;;;;;;;;instock;no;no;;no;taxable;;;;;;0;0;;;"http://localhost/p_shop/wp-content/uploads/2024/10/image22014.jpg ! alt :  ! title : image2 (14) ! desc :  ! caption : ";;http://localhost/p_shop/product/metro-women-gold-toned-woven-design-mules/;0;simple;;"Quáº§n Ã¡o nam";;;;;;
"Metro Women Black Solid Sandals";metro-women-black-solid-sandals;;10063735;"Pellentesque habitant morbi tristique senectus et netus et malesuada fames ac turpis egestas. Vestibulum tortor quam, feugiat vitae, ultricies eget, tempor sit amet, ante. Donec eu libero sit amet quam egestas semper. Aenean ultricies mi vitae est. Mauris placerat eleifend leo.";"This is a simple product.";publish;;0;"2024-10-10 19:19:00";1;open;woo-metro-women-black-solid-sandals;;;no;no;;4171;;;;;;;;instock;no;no;;no;taxable;;;;;;0;0;;;"http://localhost/p_shop/wp-content/uploads/2024/10/image22016.webp ! alt :  ! title : image2 (16) ! desc :  ! caption : ";;http://localhost/p_shop/product/metro-women-black-solid-sandals/;0;simple;;"Quáº§n Ã¡o nam";;;;;;
"Metro Women Gold-Toned Solid Sandals";metro-women-gold-toned-solid-sandals;;10063755;"Pellentesque habitant morbi tristique senectus et netus et malesuada fames ac turpis egestas. Vestibulum tortor quam, feugiat vitae, ultricies eget, tempor sit amet, ante. Donec eu libero sit amet quam egestas semper. Aenean ultricies mi vitae est. Mauris placerat eleifend leo.";"This is a simple product.";publish;;0;"2024-10-10 19:19:00";1;open;woo-metro-women-gold-toned-solid-sandals;;;no;no;;4174;;;;;;;;instock;no;no;;no;taxable;;;;;;0;0;;;"http://localhost/p_shop/wp-content/uploads/2024/10/image22017.webp ! alt :  ! title : image2 (17) ! desc :  ! caption : ";;http://localhost/p_shop/product/metro-women-gold-toned-solid-sandals/;0;simple;;"Quáº§n Ã¡o nam";;;;;;
"Metro Women Brown Printed T-Strap Flats";metro-women-brown-printed-t-strap-flats;;10063767;"Pellentesque habitant morbi tristique senectus et netus et malesuada fames ac turpis egestas. Vestibulum tortor quam, feugiat vitae, ultricies eget, tempor sit amet, ante. Donec eu libero sit amet quam egestas semper. Aenean ultricies mi vitae est. Mauris placerat eleifend leo.";"This is a simple product.";publish;;0;"2024-10-10 19:19:00";1;open;woo-metro-women-brown-printed-t-strap-flats;;;no;no;;4141;;;;;;;;instock;no;no;;no;taxable;;;;;;0;0;;;"http://localhost/p_shop/wp-content/uploads/2024/10/image22018.jpg ! alt :  ! title : image2 (18) ! desc :  ! caption : ";;http://localhost/p_shop/product/metro-women-brown-printed-t-strap-flats/;0;simple;;"Quáº§n Ã¡o nam";;;;;;
"Metro Women Brown Colourblocked Leather Sandals";metro-women-brown-colourblocked-leather-sandals;;10063795;"Pellentesque habitant morbi tristique senectus et netus et malesuada fames ac turpis egestas. Vestibulum tortor quam, feugiat vitae, ultricies eget, tempor sit amet, ante. Donec eu libero sit amet quam egestas semper. Aenean ultricies mi vitae est. Mauris placerat eleifend leo.";"This is a simple product.";publish;;0;"2024-10-10 19:19:00";1;open;woo-metro-women-brown-colourblocked-leather-sandals;;;no;no;;4478;;;;;;;;instock;no;no;;no;taxable;;;;;;0;0;;;"http://localhost/p_shop/wp-content/uploads/2024/10/image22020.jpg ! alt :  ! title : image2 (20) ! desc :  ! caption : ";;http://localhost/p_shop/product/metro-women-brown-colourblocked-leather-sandals/;0;simple;;"Quáº§n Ã¡o nam";;;;;;
"Metro Women Gold-Toned Textured Sandals";metro-women-gold-toned-textured-sandals;;10063803;"Pellentesque habitant morbi tristique senectus et netus et malesuada fames ac turpis egestas. Vestibulum tortor quam, feugiat vitae, ultricies eget, tempor sit amet, ante. Donec eu libero sit amet quam egestas semper. Aenean ultricies mi vitae est. Mauris placerat eleifend leo.";"This is a simple product.";publish;;0;"2024-10-10 19:19:00";1;open;woo-metro-women-gold-toned-textured-sandals;;;no;no;;4113;;;;;;;;instock;no;no;;no;taxable;;;;;;0;0;;;"http://localhost/p_shop/wp-content/uploads/2024/10/image22021.jpg ! alt :  ! title : image2 (21) ! desc :  ! caption : ";;http://localhost/p_shop/product/metro-women-gold-toned-textured-sandals/;0;simple;;"Quáº§n Ã¡o nam";;;;;;
"Metro Women Black Solid T-Strap Flats";metro-women-black-solid-t-strap-flats;;10063811;"Pellentesque habitant morbi tristique senectus et netus et malesuada fames ac turpis egestas. Vestibulum tortor quam, feugiat vitae, ultricies eget, tempor sit amet, ante. Donec eu libero sit amet quam egestas semper. Aenean ultricies mi vitae est. Mauris placerat eleifend leo.";"This is a simple product.";publish;;0;"2024-10-10 19:19:00";1;open;woo-metro-women-black-solid-t-strap-flats;;;no;no;;4644;;;;;;;;instock;no;no;;no;taxable;;;;;;0;0;;;"http://localhost/p_shop/wp-content/uploads/2024/10/image22022.jpg ! alt :  ! title : image2 (22) ! desc :  ! caption : ";;http://localhost/p_shop/product/metro-women-black-solid-t-strap-flats/;0;simple;;"Quáº§n Ã¡o nam";;;;;;
"Metro Women Copper-Toned Printed Sandals";metro-women-copper-toned-printed-sandals;;10063853;"Pellentesque habitant morbi tristique senectus et netus et malesuada fames ac turpis egestas. Vestibulum tortor quam, feugiat vitae, ultricies eget, tempor sit amet, ante. Donec eu libero sit amet quam egestas semper. Aenean ultricies mi vitae est. Mauris placerat eleifend leo.";"This is a simple product.";publish;;0;"2024-10-10 19:19:00";1;open;woo-metro-women-copper-toned-printed-sandals;;;no;no;;4152;;;;;;;;instock;no;no;;no;taxable;;;;;;0;0;;;"http://localhost/p_shop/wp-content/uploads/2024/10/image22023.webp ! alt :  ! title : image2 (23) ! desc :  ! caption : ";;http://localhost/p_shop/product/metro-women-copper-toned-printed-sandals/;0;simple;;"Quáº§n Ã¡o nam";;;;;;
"Campus Men OTIS Brown Sports Sandals";campus-men-otis-brown-sports-sandals;;10063861;"Pellentesque habitant morbi tristique senectus et netus et malesuada fames ac turpis egestas. Vestibulum tortor quam, feugiat vitae, ultricies eget, tempor sit amet, ante. Donec eu libero sit amet quam egestas semper. Aenean ultricies mi vitae est. Mauris placerat eleifend leo.";"This is a simple product.";publish;;0;"2024-10-10 19:19:00";1;open;woo-campus-men-otis-brown-sports-sandals;;;no;no;;4122;;;;;;;;instock;no;no;;no;taxable;;;;;;0;0;;;"http://localhost/p_shop/wp-content/uploads/2024/10/image22024.webp ! alt :  ! title : image2 (24) ! desc :  ! caption : ";;http://localhost/p_shop/product/campus-men-otis-brown-sports-sandals/;0;simple;;"Quáº§n Ã¡o nam";;;;;;
"Campus Men Grey Sandals";campus-men-grey-sandals;;10063863;"Pellentesque habitant morbi tristique senectus et netus et malesuada fames ac turpis egestas. Vestibulum tortor quam, feugiat vitae, ultricies eget, tempor sit amet, ante. Donec eu libero sit amet quam egestas semper. Aenean ultricies mi vitae est. Mauris placerat eleifend leo.";"This is a simple product.";publish;;0;"2024-10-10 19:19:00";1;open;woo-campus-men-grey-sandals;;;no;no;;4114;;;;;;;;instock;no;no;;no;taxable;;;;;;0;0;;;"http://localhost/p_shop/wp-content/uploads/2024/10/image22025.jpg ! alt :  ! title : image2 (25) ! desc :  ! caption : ";;http://localhost/p_shop/product/campus-men-grey-sandals/;0;simple;;"Quáº§n Ã¡o nam";;;;;;
"Campus Men QUICK-2 Navy Sports Sandals";campus-men-quick-2-navy-sports-sandals;;10063867;"Pellentesque habitant morbi tristique senectus et netus et malesuada fames ac turpis egestas. Vestibulum tortor quam, feugiat vitae, ultricies eget, tempor sit amet, ante. Donec eu libero sit amet quam egestas semper. Aenean ultricies mi vitae est. Mauris placerat eleifend leo.";"This is a simple product.";publish;;0;"2024-10-10 19:19:00";1;open;woo-campus-men-quick-2-navy-sports-sandals;;;no;no;;4815;;;;;;;;instock;no;no;;no;taxable;;;;;;0;0;;;"http://localhost/p_shop/wp-content/uploads/2024/10/image22027.jpg ! alt :  ! title : image2 (27) ! desc :  ! caption : ";;http://localhost/p_shop/product/campus-men-quick-2-navy-sports-sandals/;0;simple;;"Quáº§n Ã¡o nam";;;;;;
"Campus Men Navy Blue Sandals";campus-men-navy-blue-sandals;;10063875;"Pellentesque habitant morbi tristique senectus et netus et malesuada fames ac turpis egestas. Vestibulum tortor quam, feugiat vitae, ultricies eget, tempor sit amet, ante. Donec eu libero sit amet quam egestas semper. Aenean ultricies mi vitae est. Mauris placerat eleifend leo.";"This is a simple product.";publish;;0;"2024-10-10 19:19:00";1;open;woo-campus-men-navy-blue-sandals;;;no;no;;4837;;;;;;;;instock;no;no;;no;taxable;;;;;;0;0;;;"http://localhost/p_shop/wp-content/uploads/2024/10/image22028.jpg ! alt :  ! title : image2 (28) ! desc :  ! caption : ";;http://localhost/p_shop/product/campus-men-navy-blue-sandals/;0;simple;;"Quáº§n Ã¡o nam";;;;;;
"Campus Men SPYCER Grey Sports Sandals";campus-men-spycer-grey-sports-sandals;;10063877;"Pellentesque habitant morbi tristique senectus et netus et malesuada fames ac turpis egestas. Vestibulum tortor quam, feugiat vitae, ultricies eget, tempor sit amet, ante. Donec eu libero sit amet quam egestas semper. Aenean ultricies mi vitae est. Mauris placerat eleifend leo.";"This is a simple product.";publish;;0;"2024-10-10 19:19:00";1;open;woo-campus-men-spycer-grey-sports-sandals;;;no;no;;4302;;;;;;;;instock;no;no;;no;taxable;;;;;;0;0;;;"http://localhost/p_shop/wp-content/uploads/2024/10/image22030.jpg ! alt :  ! title : image2 (30) ! desc :  ! caption : ";;http://localhost/p_shop/product/campus-men-spycer-grey-sports-sandals/;0;simple;;"Quáº§n Ã¡o nam";;;;;;
"Campus Men SD-PF016 Navy Sports Sandals";campus-men-sd-pf016-navy-sports-sandals;;10063881;"Pellentesque habitant morbi tristique senectus et netus et malesuada fames ac turpis egestas. Vestibulum tortor quam, feugiat vitae, ultricies eget, tempor sit amet, ante. Donec eu libero sit amet quam egestas semper. Aenean ultricies mi vitae est. Mauris placerat eleifend leo.";"This is a simple product.";publish;;0;"2024-10-10 19:19:00";1;open;woo-campus-men-sd-pf016-navy-sports-sandals;;;no;no;;4989;;;;;;;;instock;no;no;;no;taxable;;;;;;0;0;;;"http://localhost/p_shop/wp-content/uploads/2024/10/image22032.jpg ! alt :  ! title : image2 (32) ! desc :  ! caption : ";;http://localhost/p_shop/product/campus-men-sd-pf016-navy-sports-sandals/;0;simple;;"Quáº§n Ã¡o nam";;;;;;
"Campus Men HUNK Grey Blue Sports Sandals";campus-men-hunk-grey-blue-sports-sandals;;10063883;"Pellentesque habitant morbi tristique senectus et netus et malesuada fames ac turpis egestas. Vestibulum tortor quam, feugiat vitae, ultricies eget, tempor sit amet, ante. Donec eu libero sit amet quam egestas semper. Aenean ultricies mi vitae est. Mauris placerat eleifend leo.";"This is a simple product.";publish;;0;"2024-10-10 19:19:00";1;open;woo-campus-men-hunk-grey-blue-sports-sandals;;;no;no;;4614;;;;;;;;instock;no;no;;no;taxable;;;;;;0;0;;;"http://localhost/p_shop/wp-content/uploads/2024/10/image22033.jpg ! alt :  ! title : image2 (33) ! desc :  ! caption : ";;http://localhost/p_shop/product/campus-men-hunk-grey-blue-sports-sandals/;0;simple;;"Quáº§n Ã¡o nam";;;;;;
"Campus Men SPYCER Brown Sports Sandals";campus-men-spycer-brown-sports-sandals;;10063887;"Pellentesque habitant morbi tristique senectus et netus et malesuada fames ac turpis egestas. Vestibulum tortor quam, feugiat vitae, ultricies eget, tempor sit amet, ante. Donec eu libero sit amet quam egestas semper. Aenean ultricies mi vitae est. Mauris placerat eleifend leo.";"This is a simple product.";publish;;0;"2024-10-10 19:19:00";1;open;woo-campus-men-spycer-brown-sports-sandals;;;no;no;;4339;;;;;;;;instock;no;no;;no;taxable;;;;;;0;0;;;"http://localhost/p_shop/wp-content/uploads/2024/10/image22036.webp ! alt :  ! title : image2 (36) ! desc :  ! caption : ";;http://localhost/p_shop/product/campus-men-spycer-brown-sports-sandals/;0;simple;;"Quáº§n Ã¡o nam";;;;;;
"Campus Men LOG Grey Sports Sandals";campus-men-log-grey-sports-sandals;;10063895;"Pellentesque habitant morbi tristique senectus et netus et malesuada fames ac turpis egestas. Vestibulum tortor quam, feugiat vitae, ultricies eget, tempor sit amet, ante. Donec eu libero sit amet quam egestas semper. Aenean ultricies mi vitae est. Mauris placerat eleifend leo.";"This is a simple product.";publish;;0;"2024-10-10 19:19:00";1;open;woo-campus-men-log-grey-sports-sandals;;;no;no;;4392;;;;;;;;instock;no;no;;no;taxable;;;;;;0;0;;;"http://localhost/p_shop/wp-content/uploads/2024/10/image22037.jpg ! alt :  ! title : image2 (37) ! desc :  ! caption : ";;http://localhost/p_shop/product/campus-men-log-grey-sports-sandals/;0;simple;;"Quáº§n Ã¡o nam";;;;;;
"Campus Men SD-002 Beige Sports Sandals";campus-men-sd-002-beige-sports-sandals;;10063897;"Pellentesque habitant morbi tristique senectus et netus et malesuada fames ac turpis egestas. Vestibulum tortor quam, feugiat vitae, ultricies eget, tempor sit amet, ante. Donec eu libero sit amet quam egestas semper. Aenean ultricies mi vitae est. Mauris placerat eleifend leo.";"This is a simple product.";publish;;0;"2024-10-10 19:19:00";1;open;woo-campus-men-sd-002-beige-sports-sandals;;;no;no;;4945;;;;;;;;instock;no;no;;no;taxable;;;;;;0;0;;;"http://localhost/p_shop/wp-content/uploads/2024/10/image22039.webp ! alt :  ! title : image2 (39) ! desc :  ! caption : ";;http://localhost/p_shop/product/campus-men-sd-002-beige-sports-sandals/;0;simple;;"Quáº§n Ã¡o nam";;;;;;
"Campus Men STRING-2 Black Sports Sandals";campus-men-string-2-black-sports-sandals;;10063901;"Pellentesque habitant morbi tristique senectus et netus et malesuada fames ac turpis egestas. Vestibulum tortor quam, feugiat vitae, ultricies eget, tempor sit amet, ante. Donec eu libero sit amet quam egestas semper. Aenean ultricies mi vitae est. Mauris placerat eleifend leo.";"This is a simple product.";publish;;0;"2024-10-10 19:19:00";1;open;woo-campus-men-string-2-black-sports-sandals;;;no;no;;4323;;;;;;;;instock;no;no;;no;taxable;;;;;;0;0;;;"http://localhost/p_shop/wp-content/uploads/2024/10/image22040.webp ! alt :  ! title : image2 (40) ! desc :  ! caption : ";;http://localhost/p_shop/product/campus-men-string-2-black-sports-sandals/;0;simple;;"Quáº§n Ã¡o nam";;;;;;
"Puma Men Black Solid Jacket";puma-men-black-solid-jacket;;10063911;"Pellentesque habitant morbi tristique senectus et netus et malesuada fames ac turpis egestas. Vestibulum tortor quam, feugiat vitae, ultricies eget, tempor sit amet, ante. Donec eu libero sit amet quam egestas semper. Aenean ultricies mi vitae est. Mauris placerat eleifend leo.";"This is a simple product.";publish;;0;"2024-10-10 19:19:00";1;open;woo-puma-men-black-solid-jacket;;;no;no;;4863;;;;;;;;instock;no;no;;no;taxable;;;;;;0;0;;;"http://localhost/p_shop/wp-content/uploads/2024/10/image22041.jpg ! alt :  ! title : image2 (41) ! desc :  ! caption : ";;http://localhost/p_shop/product/puma-men-black-solid-jacket/;0;simple;;"Quáº§n Ã¡o nam";;;;;;
"Puma Men Grey Solid Jacket";puma-men-grey-solid-jacket;;10063923;"Pellentesque habitant morbi tristique senectus et netus et malesuada fames ac turpis egestas. Vestibulum tortor quam, feugiat vitae, ultricies eget, tempor sit amet, ante. Donec eu libero sit amet quam egestas semper. Aenean ultricies mi vitae est. Mauris placerat eleifend leo.";"This is a simple product.";publish;;0;"2024-10-10 19:19:00";1;open;woo-puma-men-grey-solid-jacket;;;no;no;;4530;;;;;;;;instock;no;no;;no;taxable;;;;;;0;0;;;"http://localhost/p_shop/wp-content/uploads/2024/10/image22042.jpg ! alt :  ! title : image2 (42) ! desc :  ! caption : ";;http://localhost/p_shop/product/puma-men-grey-solid-jacket/;0;simple;;"Quáº§n Ã¡o nam";;;;;;
"Puma Men Grey Colourblocked Jacket";puma-men-grey-colourblocked-jacket;;10063925;"Pellentesque habitant morbi tristique senectus et netus et malesuada fames ac turpis egestas. Vestibulum tortor quam, feugiat vitae, ultricies eget, tempor sit amet, ante. Donec eu libero sit amet quam egestas semper. Aenean ultricies mi vitae est. Mauris placerat eleifend leo.";"This is a simple product.";publish;;0;"2024-10-10 19:19:00";1;open;woo-puma-men-grey-colourblocked-jacket;;;no;no;;4978;;;;;;;;instock;no;no;;no;taxable;;;;;;0;0;;;"http://localhost/p_shop/wp-content/uploads/2024/10/image22043.jpg ! alt :  ! title : image2 (43) ! desc :  ! caption : ";;http://localhost/p_shop/product/puma-men-grey-colourblocked-jacket/;0;simple;;"Quáº§n Ã¡o nam";;;;;;
"FabAlley Women Maroon Striped High-Low Top";faballey-women-maroon-striped-high-low-top;;10063955;"Pellentesque habitant morbi tristique senectus et netus et malesuada fames ac turpis egestas. Vestibulum tortor quam, feugiat vitae, ultricies eget, tempor sit amet, ante. Donec eu libero sit amet quam egestas semper. Aenean ultricies mi vitae est. Mauris placerat eleifend leo.";"This is a simple product.";publish;;0;"2024-10-10 19:19:00";1;open;woo-faballey-women-maroon-striped-high-low-top;;;no;no;;4315;;;;;;;;instock;no;no;;no;taxable;;;;;;0;0;;;"http://localhost/p_shop/wp-content/uploads/2024/10/image22044.webp ! alt :  ! title : image2 (44) ! desc :  ! caption : ";;http://localhost/p_shop/product/faballey-women-maroon-striped-high-low-top/;0;simple;;"Quáº§n Ã¡o nam";;;;;;
"Eavan Women Burgundy Solid A-Line Top";eavan-women-burgundy-solid-a-line-top;;10063979;"Pellentesque habitant morbi tristique senectus et netus et malesuada fames ac turpis egestas. Vestibulum tortor quam, feugiat vitae, ultricies eget, tempor sit amet, ante. Donec eu libero sit amet quam egestas semper. Aenean ultricies mi vitae est. Mauris placerat eleifend leo.";"This is a simple product.";publish;;0;"2024-10-10 19:19:00";1;open;woo-eavan-women-burgundy-solid-a-line-top;;;no;no;;4860;;;;;;;;instock;no;no;;no;taxable;;;;;;0;0;;;"http://localhost/p_shop/wp-content/uploads/2024/10/image22048.jpg ! alt :  ! title : image2 (48) ! desc :  ! caption : ";;http://localhost/p_shop/product/eavan-women-burgundy-solid-a-line-top/;0;simple;;"Quáº§n Ã¡o nam";;;;;;
"JBN Creation Boys Black & Maroon Solid Sherwani Set";jbn-creation-boys-black-maroon-solid-sherwani-set;;10063995;"Pellentesque habitant morbi tristique senectus et netus et malesuada fames ac turpis egestas. Vestibulum tortor quam, feugiat vitae, ultricies eget, tempor sit amet, ante. Donec eu libero sit amet quam egestas semper. Aenean ultricies mi vitae est. Mauris placerat eleifend leo.";"This is a simple product.";publish;;0;"2024-10-10 19:19:00";1;open;"woo-jbn-creation-boys-black-&amp;-maroon-solid-sherwani-set";;;no;no;;4626;;;;;;;;instock;no;no;;no;taxable;;;;;;0;0;;;;;http://localhost/p_shop/product/jbn-creation-boys-black-maroon-solid-sherwani-set/;0;simple;;Uncategorized;;;;;;
"JBN Creation Boys Gold & Maroon Solid Sherwani Set";jbn-creation-boys-gold-maroon-solid-sherwani-set;;10064015;"Pellentesque habitant morbi tristique senectus et netus et malesuada fames ac turpis egestas. Vestibulum tortor quam, feugiat vitae, ultricies eget, tempor sit amet, ante. Donec eu libero sit amet quam egestas semper. Aenean ultricies mi vitae est. Mauris placerat eleifend leo.";"This is a simple product.";publish;;0;"2024-10-10 19:19:00";1;open;"woo-jbn-creation-boys-gold-&amp;-maroon-solid-sherwani-set";;;no;no;;4919;;;;;;;;instock;no;no;;no;taxable;;;;;;0;0;;;;;http://localhost/p_shop/product/jbn-creation-boys-gold-maroon-solid-sherwani-set/;0;simple;;Uncategorized;;;;;;
"Newport Men Green Printed Round Neck T-shirt";newport-men-green-printed-round-neck-t-shirt;;10064029;"Pellentesque habitant morbi tristique senectus et netus et malesuada fames ac turpis egestas. Vestibulum tortor quam, feugiat vitae, ultricies eget, tempor sit amet, ante. Donec eu libero sit amet quam egestas semper. Aenean ultricies mi vitae est. Mauris placerat eleifend leo.";"This is a simple product.";publish;;0;"2024-10-10 19:19:00";1;open;woo-newport-men-green-printed-round-neck-t-shirt;;;no;no;;4378;;;;;;;;instock;no;no;;no;taxable;;;;;;0;0;;;;;http://localhost/p_shop/product/newport-men-green-printed-round-neck-t-shirt/;0;simple;;"Quáº§n Ã¡o nam";;;;;;
"Newport Men Grey Printed Round Neck Slim Fit T-shirt";newport-men-grey-printed-round-neck-slim-fit-t-shirt;;10064053;"Pellentesque habitant morbi tristique senectus et netus et malesuada fames ac turpis egestas. Vestibulum tortor quam, feugiat vitae, ultricies eget, tempor sit amet, ante. Donec eu libero sit amet quam egestas semper. Aenean ultricies mi vitae est. Mauris placerat eleifend leo.";"This is a simple product.";publish;;0;"2024-10-10 19:19:00";1;open;woo-newport-men-grey-printed-round-neck-slim-fit-t-shirt;;;no;no;;4164;;;;;;;;instock;no;no;;no;taxable;;;;;;0;0;;;;;http://localhost/p_shop/product/newport-men-grey-printed-round-neck-slim-fit-t-shirt/;0;simple;;"Quáº§n Ã¡o nam";;;;;;
"Professional Pinstripe Blazer";professional-pinstripe-blazer;;10176806;"Make a bold statement in the corporate world with our Professional Pinstripe Blazer, the epitome of executive elegance. Meticulously tailored, this blazer is a harmonious blend of classic design and contemporary flair, featuring a timeless pinstripe pattern that exudes confidence and sophistication. Whether you're leading a meeting or attending a formal event, the structured silhouette and refined details of our Professional Pinstripe Blazer will elevate your style, leaving an indelible mark of professionalism and grace.";"Whether you're leading a meeting or attending a formal event, the structured silhouette and refined details of our Professional Pinstripe Blazer will elevate your style, leaving an indelible mark of professionalism and grace.";publish;;0;"2024-10-10 09:30:00";1;open;;;;no;no;;109.99;;;;;;;;instock;no;no;;no;taxable;;;;;;'-1;'-1;;;"http://localhost/p_shop/wp-content/uploads/2024/10/image3201.jpg ! alt :  ! title : image3 (1) ! desc :  ! caption : ";;http://localhost/p_shop/product/professional-pinstripe-blazer/;0;simple;;"Tráº» em";;;;;;
"Urban Chic Ensemble";urban-chic-ensemble;;10176809;"Elevate your professional wardrobe with our Urban Chic Ensemble, a timeless masterpiece that seamlessly blends sophistication with modern flair. Meticulously tailored, the classic pinstripe pattern adds a touch of authority, making it an essential ensemble for the empowered woman. The structured silhouette and refined details create a commanding presence, whether you're leading a meeting or making a powerful entrance at a formal event. Versatile and chic, our Urban Chic Ensemble is not just a garment; it's a symbol of confidence, competence, and sartorial excellence, ensuring you leave an indelible mark wherever your professional journey takes you.";"The structured silhouette and refined details create a commanding presence, whether you're leading a meeting or making a powerful entrance at a formal event. Versatile and chic, our Urban Chic Ensemble is not just a garment; it's a symbol of confidence, competence, and sartorial excellence, ensuring you leave an indelible mark wherever your professional journey takes you.";publish;;0;"2024-10-10 09:30:00";1;open;;;;no;no;;224.95;;;;;;;;instock;no;no;;no;taxable;;;;;;'-1;'-1;;;"http://localhost/p_shop/wp-content/uploads/2024/10/image1-61.jpg ! alt :  ! title : image1 (61) ! desc :  ! caption : ";;http://localhost/p_shop/product/urban-chic-ensemble/;0;simple;;"Quáº§n Ã¡o ná»¯";;;;;;
